team_id	team_name	team_minutes	team_fgm	team_fga	team_fgpct	team_three_fgm	team_three_fga	team_three_fgpct	team_ft	team_fta	team_ftpct	team_pts	team_ptsavg	team_offreb	team_defreb	team_totreb	team_rebavg	team_ast	team_to	team_stl	team_blk	team_fouls	team_dbldbl	team_trpdbl	opp_team_minutes	opp_team_fgm	opp_team_fga	opp_team_fgpct	opp_team_three_fgm	opp_team_three_fga	opp_team_three_fgpct	opp_team_ft	opp_team_fta	opp_team_ftpct	opp_team_pts	opp_team_ptsavg	opp_team_offreb	opp_team_defreb	opp_team_totreb	opp_team_rebavg	opp_team_ast	opp_team_to	opp_team_stl	opp_team_blk	opp_team_fouls	opp_team_dbldbl	opp_team_trpdbl
346	Lamar University	6275:00	846	1,834	46.13	244	675	36.15	491	740	66.35	2,427	78.29	368	748	1,116	36.00	449	413	252	84	671			6275:00	785	1,707	45.99	170	529	32.14	484	691	70.04	2,224	71.74	307	760	1,067	34.42	411	495	179	144	627		
340	La Salle	5900:00	734	1,612	45.53	245	679	36.08	480	621	77.29	2,193	75.62	243	704	947	32.66	414	377	185	64	540			5900:00	783	1,681	46.58	251	638	39.34	398	553	71.97	2,215	76.38	271	696	967	33.34	427	360	183	85	534		
342	Lafayette	6026:00	712	1,655	43.02	221	661	33.43	350	492	71.14	1,995	66.50	205	751	956	31.87	378	436	148	85	515			6029:00	807	1,767	45.67	292	771	37.87	376	550	68.36	2,282	76.07	302	819	1,121	37.37	449	389	229	65	541		
810	Wright St.	6050:00	760	1,699	44.73	261	689	37.88	520	682	76.25	2,301	76.70	309	752	1,061	35.37	439	449	172	72	552			6050:00	760	1,714	44.34	230	665	34.59	436	611	71.36	2,186	72.87	273	718	991	33.03	367	438	202	92	657		
811	Wyoming	6325:00	795	1,860	42.74	297	868	34.22	524	719	72.88	2,411	77.77	266	932	1,198	38.65	464	413	165	148	660			6325:00	785	1,944	40.38	208	664	31.33	555	771	71.98	2,333	75.26	342	894	1,236	39.87	355	388	210	100	662		
812	Xavier	6225:00	800	1,771	45.17	219	643	34.06	509	740	68.78	2,328	75.10	385	795	1,180	38.06	466	395	191	83	597			6225:00	787	1,742	45.18	232	692	33.53	424	604	70.20	2,230	71.94	261	703	964	31.10	439	379	199	122	672		
813	Yale	5025:00	661	1,417	46.65	181	500	36.20	351	473	74.21	1,854	74.16	258	651	909	36.36	387	339	137	111	403			5025:00	642	1,482	43.32	183	549	33.33	285	400	71.25	1,752	70.08	246	566	812	32.48	338	303	168	88	435		
817	Youngstown St.	6751:00	952	2,165	43.97	242	732	33.06	396	587	67.46	2,542	77.03	344	866	1,210	36.67	500	394	181	104	552			6749:00	1,003	2,177	46.07	267	783	34.10	442	616	71.75	2,717	82.33	388	956	1,344	40.73	544	407	194	113	583		
2915	Wofford	6750:00	900	1,926	46.73	311	771	40.34	482	618	77.99	2,593	78.58	323	784	1,107	33.55	552	405	186	71	616			6751:00	881	1,868	47.16	216	632	34.18	501	688	72.82	2,479	75.12	303	789	1,092	33.09	409	412	209	90	604		
719	Tulsa	6025:00	662	1,576	42.01	222	646	34.37	485	665	72.93	2,031	67.70	293	754	1,047	34.90	344	444	138	74	546			6026:00	739	1,697	43.55	241	666	36.19	390	558	69.89	2,109	70.30	293	701	994	33.13	370	382	213	123	603		
718	Tulane	6075:00	734	1,804	40.69	216	662	32.63	435	612	71.08	2,119	70.63	339	693	1,032	34.40	389	408	186	112	622			6075:00	824	1,738	47.41	229	597	38.36	491	699	70.24	2,368	78.93	332	815	1,147	38.23	414	424	189	112	549		
716	Troy	6225:00	839	1,835	45.72	272	746	36.46	510	709	71.93	2,460	79.35	357	815	1,172	37.81	414	406	185	118	563			6225:00	797	1,856	42.94	250	733	34.11	432	602	71.76	2,276	73.42	327	739	1,066	34.39	409	390	190	92	591		
711	Towson	6675:00	850	1,900	44.74	155	499	31.06	592	868	68.20	2,447	74.15	445	860	1,305	39.55	348	426	226	118	686			6675:00	740	1,769	41.83	240	705	34.04	563	820	68.66	2,285	69.24	296	747	1,043	31.61	378	437	178	135	703		
1068	Elon	6549:00	850	1,911	44.48	308	868	35.48	395	577	68.46	2,403	75.09	291	918	1,209	37.78	466	374	165	76	532			6550:00	836	1,990	42.01	251	786	31.93	369	524	70.42	2,292	71.62	330	872	1,202	37.56	352	353	191	101	581		
19651	High Point	6299:00	732	1,692	43.26	196	520	37.69	473	636	74.37	2,133	68.81	307	781	1,088	35.10	390	407	184	96	540			6299:00	754	1,715	43.97	254	699	36.34	374	553	67.63	2,136	68.90	287	750	1,037	33.45	399	419	209	117	599		
299	Illinois St.	6625:00	811	1,851	43.81	271	747	36.28	378	572	66.08	2,271	68.82	347	874	1,221	37.00	447	412	237	158	585			6625:00	684	1,816	37.67	226	706	32.01	418	599	69.78	2,012	60.97	343	788	1,131	34.27	361	422	194	86	549		
294	Idaho St.	6050:00	719	1,657	43.39	231	642	35.98	419	613	68.35	2,088	69.60	226	667	893	29.77	306	409	218	71	554			6049:00	848	1,762	48.13	281	709	39.63	418	581	71.94	2,395	79.83	305	803	1,108	36.93	442	392	205	96	568		
295	Idaho	5950:00	714	1,651	43.25	224	612	36.60	487	674	72.26	2,139	73.76	321	754	1,075	37.07	376	373	141	69	624			5950:00	662	1,600	41.38	252	717	35.15	510	693	73.59	2,086	71.93	265	707	972	33.52	348	360	153	93	597		
290	Howard	6400:00	680	1,735	39.19	161	556	28.96	523	793	65.95	2,044	63.88	390	791	1,181	36.91	285	478	164	114	600			6400:00	796	1,861	42.77	249	695	35.83	461	667	69.12	2,302	71.94	390	810	1,200	37.50	467	401	222	93	672		
590	Sacred Heart	6524:00	832	1,882	44.21	200	597	33.50	462	659	70.11	2,326	72.69	361	833	1,194	37.31	459	516	217	86	617			6525:00	871	1,895	45.96	258	681	37.89	436	631	69.10	2,436	76.12	310	807	1,117	34.91	405	458	261	132	642		
198	ETSU	6875:00	935	1,904	49.11	256	669	38.27	591	840	70.36	2,717	79.91	344	893	1,237	36.38	504	502	284	162	679			6875:00	793	1,909	41.54	267	751	35.55	505	702	71.94	2,358	69.35	330	756	1,086	31.94	372	529	231	123	720		
596	St. Bonaventure	6050:00	780	1,752	44.52	192	546	35.16	571	748	76.34	2,323	77.43	350	739	1,089	36.30	398	378	218	135	629			6052:00	731	1,702	42.95	232	651	35.64	488	693	70.42	2,182	72.73	334	698	1,032	34.40	418	441	159	111	622		
599	St. Francis Brooklyn	6250:00	650	1,871	34.74	221	792	27.90	400	616	64.94	1,921	61.97	390	689	1,079	34.81	287	379	208	89	673			6251:00	795	1,677	47.41	161	458	35.15	533	783	68.07	2,284	73.68	338	955	1,293	41.71	377	433	166	106	585		
194	Duquesne	6200:00	763	1,786	42.72	216	656	32.93	443	656	67.53	2,185	70.48	335	803	1,138	36.71	390	442	154	122	581			6200:00	814	1,870	43.53	231	648	35.65	445	627	70.97	2,304	74.32	347	818	1,165	37.58	492	388	185	145	592		
196	East Carolina	6201:00	662	1,679	39.43	191	617	30.96	416	637	65.31	1,931	62.29	347	833	1,180	38.06	372	435	158	165	514			6200:00	717	1,853	38.69	205	629	32.59	359	496	72.38	1,998	64.45	376	789	1,165	37.58	384	349	203	102	568		
191	Drexel	6501:00	865	1,987	43.53	256	741	34.55	411	616	66.72	2,397	74.91	380	797	1,177	36.78	470	425	187	98	645			6500:00	877	1,899	46.18	244	684	35.67	510	739	69.01	2,508	78.38	340	846	1,186	37.06	450	405	207	113	607		
193	Duke	6200:00	856	1,809	47.32	261	695	37.55	522	692	75.43	2,495	80.48	338	804	1,142	36.84	417	355	183	139	558			6200:00	798	1,836	43.46	156	510	30.59	391	565	69.20	2,143	69.13	320	703	1,023	33.00	363	382	146	77	614		
270	Hampton	5851:00	700	1,710	40.94	185	578	32.01	431	609	70.77	2,016	69.52	354	725	1,079	37.21	344	413	136	107	602			5851:00	691	1,609	42.95	205	568	36.09	481	703	68.42	2,068	71.31	293	733	1,026	35.38	304	423	166	89	555		
272	Hartford	6475:00	730	1,814	40.24	263	777	33.85	413	591	69.88	2,136	66.75	292	754	1,046	32.69	367	462	228	118	604			6480:00	874	1,924	45.43	250	643	38.88	467	671	69.60	2,465	77.03	394	885	1,279	39.97	511	419	207	117	568		
275	Harvard	5400:00	672	1,487	45.19	220	609	36.12	377	507	74.36	1,941	71.89	266	693	959	35.52	393	365	171	127	512			5399:00	606	1,480	40.95	165	523	31.55	392	571	68.65	1,769	65.52	284	633	917	33.96	329	348	181	69	483		
277	Hawaii	5650:00	649	1,534	42.31	198	622	31.83	409	562	72.78	1,905	68.04	263	641	904	32.29	388	387	135	50	529			5650:00	668	1,510	44.24	170	503	33.80	385	582	66.15	1,891	67.54	255	675	930	33.21	294	391	198	83	573		
527	Oral Roberts	6051:00	810	1,820	44.51	216	588	36.73	416	548	75.91	2,252	75.07	278	756	1,034	34.47	423	360	162	88	535			6050:00	857	1,832	46.78	277	698	39.68	407	577	70.54	2,398	79.93	308	801	1,109	36.97	475	358	204	94	525		
521	Oklahoma St.	6200:00	892	1,909	46.73	279	693	40.26	591	751	78.70	2,654	85.61	419	714	1,133	36.55	459	417	242	93	688			6200:00	816	1,744	46.79	207	588	35.20	566	785	72.10	2,405	77.58	341	685	1,026	33.10	411	478	204	128	654		
522	Oklahoma	6126:00	766	1,810	42.32	188	541	34.75	479	662	72.36	2,199	73.30	353	789	1,142	38.07	318	418	209	144	581			6126:00	773	1,816	42.57	251	692	36.27	420	611	68.74	2,217	73.90	340	783	1,123	37.43	397	408	214	136	561		
523	Old Dominion	6050:00	700	1,695	41.30	151	471	32.06	384	596	64.43	1,935	64.50	395	751	1,146	38.20	411	337	192	142	547			6050:00	609	1,526	39.91	198	579	34.20	416	589	70.63	1,832	61.07	261	721	982	32.73	309	390	148	95	557		
1014	Col. of Charleston	6825:00	776	1,796	43.21	209	633	33.02	581	788	73.73	2,342	68.88	290	868	1,158	34.06	349	353	191	117	582			6826:00	785	1,879	41.78	219	714	30.67	390	591	65.99	2,179	64.09	350	848	1,198	35.24	375	426	127	113	669		
528	Oregon St.	6225:00	702	1,639	42.83	193	569	33.92	362	545	66.42	1,959	63.19	284	731	1,015	32.74	367	478	170	117	591			6225:00	775	1,735	44.67	229	638	35.89	475	677	70.16	2,254	72.71	336	755	1,091	35.19	426	363	252	95	556		
529	Oregon	6225:00	875	1,807	48.42	271	710	38.17	435	616	70.62	2,456	79.23	327	803	1,130	36.45	525	371	205	212	494			6225:00	733	1,840	39.84	210	687	30.57	330	462	71.43	2,006	64.71	344	665	1,009	32.55	355	435	157	106	590		
441	Montana	6250:00	817	1,821	44.87	230	648	35.49	450	602	74.75	2,314	74.65	303	757	1,060	34.19	407	336	175	89	681			6250:00	774	1,686	45.91	194	568	34.15	525	750	70.00	2,267	73.13	275	775	1,050	33.87	351	391	162	124	588		
440	Montana St.	6325:00	825	1,886	43.74	302	804	37.56	504	691	72.94	2,456	79.23	319	791	1,110	35.81	403	377	176	72	702			6325:00	782	1,739	44.97	251	673	37.30	608	858	70.86	2,423	78.16	300	838	1,138	36.71	392	417	175	96	675		
446	Morgan St.	5850:00	669	1,739	38.47	155	526	29.47	467	661	70.65	1,960	67.59	412	721	1,133	39.07	313	411	165	98	583			5852:00	725	1,651	43.91	159	554	28.70	444	674	65.88	2,053	70.79	329	759	1,088	37.52	404	423	204	111	576		
444	Morehead St.	6077:00	878	1,906	46.07	219	568	38.56	395	544	72.61	2,370	79.00	396	732	1,128	37.60	482	404	202	95	634			6075:00	780	1,689	46.18	261	679	38.44	490	697	70.30	2,311	77.03	277	705	982	32.73	401	441	156	108	527		
108	UC Davis	6250:00	767	1,728	44.39	202	559	36.14	478	721	66.30	2,214	71.42	308	774	1,082	34.90	413	441	178	95	614			6250:00	768	1,780	43.15	222	663	33.48	419	599	69.95	2,177	70.23	311	749	1,060	34.19	423	438	213	101	663		
109	UC Irvine	6450:00	816	1,831	44.57	239	656	36.43	387	563	68.74	2,258	70.56	357	920	1,277	39.91	417	431	159	135	681			6451:00	684	1,795	38.11	190	612	31.05	514	734	70.03	2,072	64.75	304	736	1,040	32.50	359	336	182	82	581		
102	Sacramento St.	5900:00	754	1,639	46.00	149	472	31.57	386	592	65.20	2,043	70.45	280	747	1,027	35.41	384	344	137	126	523			5900:00	772	1,719	44.91	220	574	38.33	374	529	70.70	2,138	73.72	291	727	1,018	35.10	420	311	166	84	547		
101	CSUN	5800:00	779	1,689	46.12	141	397	35.52	574	790	72.66	2,273	78.38	286	738	1,024	35.31	397	380	201	88	619			5800:00	813	1,779	45.70	205	532	38.53	528	738	71.54	2,359	81.34	336	732	1,068	36.83	400	374	169	103	636		
107	California	6100:00	720	1,693	42.53	195	587	33.22	405	616	65.75	2,040	68.00	348	837	1,185	39.50	367	383	144	140	564			6100:00	662	1,680	39.40	167	539	30.98	380	558	68.10	1,871	62.37	264	707	971	32.37	337	334	146	107	552		
104	UC Santa Barbara	5626:00	622	1,651	37.67	154	531	29.00	303	478	63.39	1,701	60.75	356	672	1,028	36.71	338	341	148	59	502			5625:00	702	1,572	44.66	236	698	33.81	347	502	69.12	1,987	70.96	276	773	1,049	37.46	449	326	151	87	452		
32	Little Rock	6250:00	747	1,690	44.20	204	587	34.75	419	566	74.03	2,117	68.29	291	734	1,025	33.06	369	397	174	118	566			6251:00	718	1,617	44.40	224	617	36.30	447	630	70.95	2,107	67.97	272	731	1,003	32.35	394	413	165	74	514		
31	Arkansas	6200:00	865	1,861	46.48	206	558	36.92	563	742	75.88	2,499	80.61	357	772	1,129	36.42	446	363	230	146	647			6200:00	779	1,841	42.31	230	683	33.67	512	736	69.57	2,300	74.19	385	719	1,104	35.61	398	402	151	96	602		
30	Arkansas St.	6200:00	798	1,733	46.05	216	565	38.23	464	721	64.36	2,276	73.42	331	793	1,124	36.26	387	402	165	82	636			6200:00	733	1,696	43.22	188	596	31.54	484	710	68.17	2,138	68.97	292	745	1,037	33.45	397	406	174	121	640		
37	Auburn	6225:00	837	1,914	43.73	278	764	36.39	538	800	67.25	2,490	80.32	359	773	1,132	36.52	408	418	230	159	648			6225:00	837	1,915	43.71	257	731	35.16	529	734	72.07	2,460	79.35	393	822	1,215	39.19	421	472	191	91	700		
647	South Carolina St.	5799:00	737	1,720	42.85	161	525	30.67	362	528	68.56	1,997	68.86	292	627	919	31.69	349	358	143	63	546			5800:00	829	1,723	48.11	207	602	34.39	450	628	71.66	2,315	79.83	346	766	1,112	38.34	418	363	130	110	490		
439	Monmouth	6675:00	899	2,054	43.77	287	775	37.03	593	784	75.64	2,678	81.15	369	910	1,279	38.76	410	413	230	152	678			6675:00	821	2,035	40.34	257	776	33.12	514	726	70.80	2,413	73.12	386	867	1,253	37.97	428	482	195	146	678		
649	South Dakota St.	6675:00	834	1,820	45.82	305	838	36.40	585	757	77.28	2,558	77.52	291	855	1,146	34.73	440	421	175	77	550			6675:00	911	2,018	45.14	352	937	37.57	380	519	73.22	2,554	77.39	333	787	1,120	33.94	495	380	217	95	692		
648	South Carolina	6125:00	746	1,786	41.77	203	592	34.29	488	701	69.61	2,183	72.77	381	718	1,099	36.63	381	407	237	118	620			6125:00	625	1,585	39.43	155	542	28.60	519	727	71.39	1,924	64.13	326	725	1,051	35.03	279	522	193	112	628		
434	Missouri	5825:00	672	1,711	39.28	184	638	28.84	447	662	67.52	1,975	68.10	329	742	1,071	36.93	343	357	185	63	573			5825:00	700	1,654	42.32	218	647	33.69	457	664	68.83	2,075	71.55	318	822	1,140	39.31	357	402	152	132	613		
432	Mississippi Val.	6277:00	797	1,883	42.33	168	485	34.64	411	633	64.93	2,175	70.16	374	698	1,072	34.58	362	445	210	59	607			6275:00	912	1,855	49.16	282	733	38.47	496	704	70.45	2,602	83.94	360	849	1,209	39.00	505	438	231	116	583		
433	Ole Miss	6250:00	775	1,841	42.10	236	686	34.40	621	820	75.73	2,407	77.65	383	831	1,214	39.16	397	451	209	137	621			6250:00	803	1,891	42.46	275	756	36.38	482	701	68.76	2,363	76.23	360	778	1,138	36.71	474	442	208	108	665		
430	Mississippi St.	6026:00	768	1,726	44.50	234	669	34.98	416	608	68.42	2,186	72.87	291	770	1,061	35.37	366	409	222	122	603			6025:00	749	1,745	42.92	190	594	31.99	466	658	70.82	2,154	71.80	335	779	1,114	37.13	349	421	156	97	538		
10411	USC Upstate	6475:00	914	1,985	46.05	280	797	35.13	410	627	65.39	2,518	78.69	389	860	1,249	39.03	500	405	169	104	537			6475:00	889	2,041	43.56	253	763	33.16	418	574	72.82	2,451	76.59	364	803	1,167	36.47	504	346	187	61	586		
334	Kentucky	6225:00	953	1,992	47.84	223	634	35.17	561	802	69.95	2,690	86.77	396	860	1,256	40.52	499	371	187	168	599			6225:00	803	1,887	42.55	195	626	31.15	434	649	66.87	2,235	72.10	319	761	1,080	34.84	348	457	151	97	723		
331	Kent St.	6525:00	887	2,074	42.77	232	727	31.91	480	667	71.96	2,486	77.69	495	813	1,308	40.88	412	425	212	122	612			6525:00	826	1,918	43.07	241	693	34.78	442	626	70.61	2,335	72.97	353	754	1,107	34.59	428	461	202	78	630		
6	Alabama A&M	5876:00	628	1,563	40.18	125	457	27.35	409	614	66.61	1,794	61.86	299	634	933	32.17	330	384	103	52	526			5874:00	822	1,736	47.35	214	590	36.27	397	583	68.10	2,255	77.76	362	716	1,078	37.17	423	272	204	111	533		
99	Long Beach St.	6526:00	848	1,920	44.17	204	584	34.93	519	719	72.18	2,419	75.59	366	770	1,136	35.50	427	461	193	87	646			6525:00	891	1,915	46.53	253	666	37.99	507	716	70.81	2,542	79.44	361	805	1,166	36.44	449	445	218	128	652		
90	Cal Poly	6050:00	706	1,743	40.50	251	737	34.06	364	525	69.33	2,027	67.57	293	678	971	32.37	315	318	157	104	554			6052:00	770	1,638	47.01	179	458	39.08	457	638	71.63	2,176	72.53	290	819	1,109	36.97	384	360	143	87	538		
94	CSU Bakersfield	5826:00	754	1,682	44.83	184	539	34.14	374	596	62.75	2,066	71.24	367	756	1,123	38.72	433	433	245	116	633			5827:00	568	1,523	37.29	201	621	32.37	467	680	68.68	1,804	62.21	308	676	984	33.93	320	488	171	92	561		
97	Cal St. Fullerton	5950:00	741	1,659	44.67	181	576	31.42	467	692	67.49	2,130	73.45	312	773	1,085	37.41	353	447	195	109	613			5950:00	696	1,644	42.34	199	577	34.49	475	668	71.11	2,066	71.24	269	714	983	33.90	349	416	182	93	592		
96	Fresno St.	6150:00	783	1,708	45.84	188	532	35.34	476	710	67.04	2,230	74.33	293	789	1,082	36.07	378	400	257	121	645			6150:00	686	1,661	41.30	207	641	32.29	527	728	72.39	2,106	70.20	288	751	1,039	34.63	369	442	177	90	619		
740	VCU	6076:00	805	1,727	46.61	178	529	33.65	458	641	71.45	2,246	74.87	321	762	1,083	36.10	457	393	233	123	631			6076:00	683	1,632	41.85	174	515	33.79	451	658	68.54	1,991	66.37	300	706	1,006	33.53	312	452	173	111	595		
741	VMI	6000:00	732	1,778	41.17	248	786	31.55	345	500	69.00	2,057	68.57	306	684	990	33.00	356	395	188	114	595			6001:00	826	1,709	48.33	244	616	39.61	450	671	67.06	2,346	78.20	314	811	1,125	37.50	450	389	213	74	484		
742	Virginia Tech	6050:00	813	1,652	49.21	265	654	40.52	478	655	72.98	2,369	78.97	214	758	972	32.40	454	365	121	86	490			6050:00	819	1,839	44.54	238	657	36.23	341	485	70.31	2,217	73.90	316	714	1,030	34.33	406	356	158	115	568		
559	Purdue	6250:00	866	1,803	48.03	280	690	40.58	482	626	77.00	2,494	80.45	305	872	1,177	37.97	563	403	158	78	485			6250:00	786	1,902	41.32	204	626	32.59	299	422	70.85	2,075	66.94	281	677	958	30.90	392	372	200	99	604		
736	Vanderbilt	6000:00	706	1,617	43.66	302	786	38.42	436	565	77.17	2,150	71.67	250	786	1,036	34.53	401	379	121	113	508			6001:00	738	1,737	42.49	202	587	34.41	389	555	70.09	2,067	68.90	299	722	1,021	34.03	353	319	161	90	503		
746	Virginia	5900:00	724	1,549	46.74	195	507	38.46	288	409	70.42	1,931	66.59	251	705	956	32.97	415	280	168	126	469			5900:00	553	1,407	39.30	172	546	31.50	326	468	69.66	1,604	55.31	227	631	858	29.59	285	379	145	78	438		
748	Wagner	5675:00	674	1,575	42.79	165	507	32.54	392	570	68.77	1,905	68.04	397	711	1,108	39.57	305	397	139	102	584			5670:00	619	1,528	40.51	182	548	33.21	412	597	69.01	1,832	65.43	302	601	903	32.25	331	344	159	66	551		
554	Princeton	5200:00	667	1,475	45.22	263	687	38.28	266	364	73.08	1,863	71.65	207	647	854	32.85	372	269	182	77	421			5200:00	568	1,345	42.23	172	511	33.66	304	439	69.25	1,612	62.00	201	659	860	33.08	276	357	120	66	410		
556	Providence	6225:00	759	1,694	44.81	226	604	37.42	446	640	69.69	2,190	70.65	279	755	1,034	33.35	446	381	210	93	524			6225:00	763	1,729	44.13	196	592	33.11	340	502	67.73	2,062	66.52	298	770	1,068	34.45	373	433	192	91	593		
551	Portland	6675:00	758	1,793	42.28	214	573	37.35	485	655	74.05	2,215	67.12	278	820	1,098	33.27	325	424	163	112	582			6675:00	846	1,971	42.92	290	814	35.63	401	578	69.38	2,383	72.21	376	833	1,209	36.64	460	381	199	125	643		
550	Portland St.	6000:00	900	1,864	48.28	232	662	35.05	461	701	65.76	2,493	85.97	300	701	1,001	34.52	465	352	288	74	549			6000:00	843	1,757	47.98	261	708	36.86	426	592	71.96	2,373	81.83	301	794	1,095	37.76	477	489	174	79	583		
553	Prairie View	6253:00	741	1,729	42.86	213	624	34.13	438	622	70.42	2,133	68.81	269	689	958	30.90	372	416	261	111	664			6254:00	759	1,657	45.81	203	577	35.18	558	814	68.55	2,279	73.52	365	820	1,185	38.23	407	479	171	117	537		
234	Florida St.	6200:00	927	1,910	48.53	219	606	36.14	501	727	68.91	2,574	83.03	362	797	1,159	37.39	463	362	227	160	605			6200:00	750	1,825	41.10	219	646	33.90	488	685	71.24	2,207	71.19	363	711	1,074	34.65	355	450	155	96	615		
235	Florida	6226:00	829	1,829	45.33	242	662	36.56	543	747	72.69	2,443	78.81	361	794	1,155	37.26	397	369	236	151	579			6225:00	730	1,792	40.74	168	556	30.22	430	610	70.49	2,058	66.39	337	755	1,092	35.23	294	469	172	92	654		
236	Fordham	6274:00	716	1,720	41.63	255	765	33.33	332	457	72.65	2,019	65.13	256	635	891	28.74	417	412	308	88	592			6275:00	707	1,526	46.33	213	591	36.04	458	647	70.79	2,085	67.26	277	818	1,095	35.32	468	546	206	108	504		
231	FIU	6152:00	778	1,715	45.36	173	520	33.27	381	510	74.71	2,110	70.33	304	710	1,014	33.80	330	402	181	63	558			6151:00	790	1,678	47.08	210	579	36.27	436	604	72.19	2,226	74.20	270	695	965	32.17	414	350	199	118	484		
147	Clemson	6025:00	794	1,748	45.42	221	612	36.11	443	614	72.15	2,252	75.07	327	687	1,014	33.80	376	322	216	119	454			6025:00	799	1,758	45.45	235	649	36.21	314	407	77.15	2,147	71.57	326	716	1,042	34.73	397	411	158	101	574		
140	Cincinnati	6250:00	849	1,847	45.97	233	671	34.72	384	574	66.90	2,315	74.68	379	777	1,156	37.29	513	320	236	167	486			6250:00	647	1,704	37.97	210	628	33.44	361	492	73.37	1,865	60.16	327	687	1,014	32.71	342	436	111	92	517		
141	The Citadel	6676:00	980	2,359	41.54	397	1,166	34.05	607	802	75.69	2,964	89.82	448	786	1,234	37.39	561	473	306	85	738			6675:00	1,106	2,162	51.16	282	728	38.74	627	891	70.37	3,121	94.58	413	1,038	1,451	43.97	626	579	238	131	701		
30024	Utah Valley	5826:00	762	1,717	44.38	257	792	32.45	462	653	70.75	2,243	77.34	241	865	1,106	38.14	461	432	177	110	565			5825:00	768	1,822	42.15	200	600	33.33	407	610	66.72	2,143	73.90	301	813	1,114	38.41	413	407	192	79	603		
610	St. Mary's (CA)	6000:00	792	1,589	49.84	261	664	39.31	322	433	74.36	2,167	72.23	297	777	1,074	35.80	505	316	124	93	442			6000:00	640	1,562	40.97	135	448	30.13	269	396	67.93	1,684	56.13	210	565	775	25.83	267	281	163	64	479		
617	Saint Peter's	6452:00	738	1,698	43.46	256	668	38.32	397	559	71.02	2,129	66.53	270	782	1,052	32.88	386	354	223	89	517			6447:00	705	1,681	41.94	224	694	32.28	344	498	69.08	1,978	61.81	280	772	1,052	32.88	371	426	157	93	576		
148	Cleveland St.	6299:00	745	1,838	40.53	219	709	30.89	374	541	69.13	2,083	67.19	339	685	1,024	33.03	327	405	221	94	636			6300:00	771	1,685	45.76	212	606	34.98	468	684	68.42	2,222	71.68	325	828	1,153	37.19	464	484	157	105	558		
149	Coastal Caro.	6050:00	783	1,843	42.49	259	770	33.64	353	532	66.35	2,178	72.60	371	835	1,206	40.20	359	391	160	76	531			6050:00	749	1,788	41.89	282	827	34.10	407	578	70.42	2,187	72.90	298	790	1,088	36.27	395	341	173	100	527		
688	Syracuse	5850:00	768	1,678	45.77	253	663	38.16	420	582	72.16	2,209	76.17	318	706	1,024	35.31	463	349	234	144	473			5850:00	725	1,718	42.20	250	739	33.83	343	519	66.09	2,043	70.45	376	674	1,050	36.21	498	392	173	79	520		
683	Stony Brook	6200:00	731	1,797	40.68	245	735	33.33	437	605	72.23	2,146	69.23	335	729	1,064	34.32	378	318	166	100	600			6200:00	724	1,649	43.91	223	590	37.80	462	661	69.89	2,133	68.81	293	821	1,114	35.94	342	404	137	72	609		
2711	North Florida	6800:00	926	2,026	45.71	295	841	35.08	490	748	65.51	2,637	77.56	423	898	1,321	38.85	447	541	185	143	639			6804:00	960	2,143	44.80	257	718	35.79	497	725	68.55	2,674	78.65	410	815	1,225	36.03	511	408	273	115	655		
498	La.-Monroe	6325:00	766	1,797	42.63	225	665	33.83	317	476	66.60	2,074	66.90	321	786	1,107	35.71	414	405	141	64	543			6325:00	766	1,776	43.13	231	649	35.59	403	589	68.42	2,166	69.87	303	775	1,078	34.77	402	345	186	122	499		
136	Chicago St.	6300:00	720	1,866	38.59	208	660	31.52	388	551	70.42	2,036	65.68	327	752	1,079	34.81	354	424	208	68	594			6300:00	849	1,819	46.67	297	815	36.44	449	637	70.49	2,444	78.84	330	911	1,241	40.03	555	424	186	119	559		
494	North Dakota	5676:00	806	1,670	48.26	193	510	37.84	434	606	71.62	2,239	79.96	267	733	1,000	35.71	422	376	224	83	581			5675:00	713	1,609	44.31	193	537	35.94	413	607	68.04	2,032	72.57	271	696	967	34.54	325	433	181	63	564		
497	North Texas	6025:00	740	1,749	42.31	186	582	31.96	409	633	64.61	2,075	69.17	300	775	1,075	35.83	338	410	199	95	568			6025:00	784	1,815	43.20	231	678	34.07	459	615	74.63	2,258	75.27	347	818	1,165	38.83	415	398	206	110	549		
490	North Carolina St.	6250:00	869	1,848	47.02	221	618	35.76	463	661	70.05	2,422	78.13	318	805	1,123	36.23	451	413	160	136	565			6250:00	889	1,971	45.10	261	704	37.07	433	604	71.69	2,472	79.74	363	751	1,114	35.94	437	352	202	90	560		
493	North Dakota St.	6075:00	775	1,693	45.78	232	630	36.83	462	650	71.08	2,244	74.80	258	789	1,047	34.90	365	348	183	112	501			6076:00	757	1,764	42.91	251	660	38.03	379	535	70.84	2,150	71.67	301	745	1,046	34.87	407	367	171	88	572		
27	Appalachian St.	5825:00	725	1,729	41.93	247	727	33.98	447	657	68.04	2,144	73.93	330	761	1,091	37.62	406	403	164	89	627			5826:00	756	1,661	45.51	186	499	37.27	497	726	68.46	2,195	75.69	283	789	1,072	36.97	375	377	174	105	604		
23	American	6026:00	692	1,542	44.88	168	529	31.76	293	474	61.81	1,845	61.50	204	664	868	28.93	339	396	209	73	549			6027:00	716	1,528	46.86	172	468	36.75	445	632	70.41	2,049	68.30	258	738	996	33.20	384	396	198	84	493		
28	Arizona St.	6200:00	836	1,927	43.38	309	845	36.57	457	616	74.19	2,438	78.65	289	724	1,013	32.68	407	324	187	98	529			6200:00	914	1,907	47.93	286	782	36.57	413	578	71.45	2,527	81.52	344	889	1,233	39.77	582	424	159	125	570		
29	Arizona	6200:00	804	1,713	46.94	203	520	39.04	521	681	76.51	2,332	75.23	326	817	1,143	36.87	427	354	175	100	514			6200:00	735	1,767	41.60	200	640	31.25	322	485	66.39	1,992	64.26	295	633	928	29.94	398	378	144	88	609		
406	Mercer	6276:00	765	1,713	44.66	236	675	34.96	435	560	77.68	2,203	71.06	358	782	1,140	36.77	422	360	130	70	526			6275:00	710	1,717	41.35	268	777	34.49	423	564	75.00	2,111	68.10	309	654	963	31.06	419	321	176	96	572		
404	Memphis	6250:00	833	1,866	44.64	177	596	29.70	470	689	68.21	2,313	74.61	358	782	1,140	36.77	496	358	216	147	519			6252:00	763	1,822	41.88	232	703	33.00	420	610	68.85	2,178	70.26	343	779	1,122	36.19	418	423	179	125	590		
402	McNeese	5825:00	715	1,697	42.13	195	588	33.16	418	610	68.52	2,043	70.45	285	691	976	33.66	302	403	159	91	574			5825:00	796	1,774	44.87	196	562	34.88	504	702	71.79	2,292	79.03	387	804	1,191	41.07	428	384	184	93	569		
400	Massachusetts	6200:00	802	1,833	43.75	220	738	29.81	417	629	66.30	2,241	72.29	315	800	1,115	35.97	500	463	244	153	680			6200:00	737	1,780	41.40	201	584	34.42	561	803	69.86	2,236	72.13	343	802	1,145	36.94	426	453	212	92	566		
371	Loyola Chicago	6500:00	852	1,755	48.55	259	666	38.89	385	543	70.90	2,348	73.38	218	784	1,002	31.31	474	377	218	76	545			6500:00	766	1,716	44.64	212	582	36.43	393	554	70.94	2,137	66.78	263	772	1,035	32.34	375	459	172	106	561		
370	Loyola Marymount	5825:00	748	1,690	44.26	206	583	35.33	330	532	62.03	2,032	70.07	319	669	988	34.07	431	379	218	116	582			5825:00	693	1,549	44.74	190	551	34.48	460	649	70.88	2,036	70.21	286	722	1,008	34.76	417	432	178	103	538		
709	Toledo	6250:00	841	1,739	48.36	233	639	36.46	488	704	69.32	2,403	80.10	309	821	1,130	37.67	486	403	120	80	516			6251:00	883	1,907	46.30	186	570	32.63	357	519	68.79	2,309	76.97	288	723	1,011	33.70	383	314	210	119	630		
704	UTEP	5901:00	739	1,573	46.98	166	471	35.24	357	541	65.99	2,001	69.00	215	778	993	34.24	424	386	158	88	553			5900:00	676	1,589	42.54	217	650	33.38	408	603	67.66	1,977	68.17	251	728	979	33.76	391	363	165	59	538		
706	UTSA	6000:00	704	1,789	39.35	153	547	27.97	418	637	65.62	1,979	65.97	381	793	1,174	39.13	316	388	171	59	590			6000:00	725	1,656	43.78	221	633	34.91	427	632	67.56	2,098	69.93	239	816	1,055	35.17	395	382	178	119	571		
700	Texas Tech	6299:00	814	1,720	47.33	207	556	37.23	459	625	73.44	2,294	74.00	288	733	1,021	32.94	436	345	165	99	542			6300:00	711	1,643	43.27	250	695	35.97	413	582	70.96	2,085	67.26	253	666	919	29.65	365	426	160	77	613		
702	UT Arlington	6199:00	854	1,842	46.36	264	772	34.20	444	658	67.48	2,416	77.94	368	835	1,203	38.81	482	408	224	70	590			6198:00	741	1,793	41.33	256	810	31.60	406	632	64.24	2,144	69.16	340	735	1,075	34.68	398	444	212	100	585		
703	Texas	6001:00	744	1,676	44.39	165	559	29.52	384	590	65.08	2,037	67.90	287	742	1,029	34.30	348	408	173	132	537			6002:00	749	1,759	42.58	197	617	31.93	388	534	72.66	2,083	69.43	324	736	1,060	35.33	358	376	197	96	553		
393	UMES	6302:00	787	1,845	42.66	243	700	34.71	417	607	68.70	2,234	72.06	322	716	1,038	33.48	415	402	180	81	614			6297:00	806	1,760	45.80	247	687	35.95	518	733	70.67	2,377	76.68	366	837	1,203	38.81	461	451	172	110	576		
392	Maryland	6225:00	781	1,735	45.01	259	714	36.27	488	696	70.11	2,309	74.48	336	788	1,124	36.26	445	401	165	148	574			6225:00	746	1,820	40.99	196	590	33.22	410	580	70.69	2,098	67.68	365	729	1,094	35.29	340	386	187	113	613		
391	UMBC	6151:00	852	1,821	46.79	287	725	39.59	452	616	73.38	2,443	81.43	282	776	1,058	35.27	441	350	202	73	576			6152:00	804	1,784	45.07	232	667	34.78	475	653	72.74	2,315	77.17	303	782	1,085	36.17	410	393	158	75	560		
83	Bucknell	6600:00	881	1,830	48.14	269	710	37.89	475	700	67.86	2,508	76.00	283	848	1,131	34.27	474	446	240	124	616			6600:00	803	1,890	42.49	207	606	34.16	412	623	66.13	2,225	67.42	325	772	1,097	33.24	401	463	237	98	640		
80	Brown	5999:00	735	1,661	44.25	244	665	36.69	561	739	75.91	2,275	75.83	275	658	933	31.10	400	431	228	56	597			6001:00	832	1,669	49.85	229	616	37.18	445	623	71.43	2,338	77.93	277	741	1,018	33.93	445	474	210	129	660		
81	Bryant	6575:00	839	1,918	43.74	237	702	33.76	458	636	72.01	2,373	74.16	345	803	1,148	35.88	460	428	218	69	680			6575:00	860	1,904	45.17	234	704	33.24	524	713	73.49	2,478	77.44	351	825	1,176	36.75	431	407	197	118	600		
86	Buffalo	6225:00	859	1,894	45.35	235	712	33.01	468	677	69.13	2,421	78.10	385	872	1,257	40.55	452	453	180	126	705			6225:00	776	1,864	41.63	230	658	34.95	525	771	68.09	2,307	74.42	353	754	1,107	35.71	401	398	199	101	604		
87	Butler	6050:00	810	1,691	47.90	233	633	36.81	455	614	74.10	2,308	76.93	265	702	967	32.23	400	304	183	85	569			6050:00	717	1,618	44.31	204	610	33.44	420	599	70.12	2,058	68.60	269	674	943	31.43	307	403	148	84	578		
797	Milwaukee	6750:00	811	1,834	44.22	262	748	35.03	336	512	65.62	2,220	67.27	274	771	1,045	31.67	444	403	156	50	607			6750:00	847	1,810	46.80	252	714	35.29	421	602	69.93	2,367	71.73	271	834	1,105	33.48	459	387	197	117	550		
796	Wisconsin	5875:00	767	1,691	45.36	213	616	34.58	374	568	65.85	2,121	73.14	367	734	1,101	37.97	399	319	201	109	472			5875:00	642	1,566	41.00	197	521	37.81	320	431	74.25	1,801	62.10	245	647	892	30.76	300	378	153	90	544		
794	Green Bay	5877:00	821	1,856	44.23	186	559	33.27	496	713	69.57	2,324	80.14	348	836	1,184	40.83	406	405	227	120	565			5877:00	802	1,856	43.21	251	710	35.35	372	573	64.92	2,227	76.79	336	802	1,138	39.24	405	445	178	86	586		
792	Winthrop	6350:00	843	1,844	45.72	294	788	37.31	495	689	71.84	2,475	79.84	306	853	1,159	37.39	398	411	201	166	574			6350:00	765	1,878	40.73	202	645	31.32	455	629	72.34	2,187	70.55	340	791	1,131	36.48	311	439	186	98	614		
14927	Belmont	5424:00	728	1,524	47.77	273	793	34.43	379	494	76.72	2,108	78.07	224	732	956	35.41	442	347	120	73	483			5428:00	664	1,571	42.27	162	516	31.40	383	513	74.66	1,873	69.37	240	627	867	32.11	301	316	153	80	502		
7	Alabama St.	6101:00	692	1,760	39.32	194	658	29.48	392	616	63.64	1,970	65.67	400	744	1,144	38.13	287	476	147	94	602			6100:00	773	1,745	44.30	190	552	34.42	482	717	67.22	2,218	73.93	352	785	1,137	37.90	381	385	222	88	551		
587	Rutgers	6226:00	764	1,853	41.23	136	460	29.57	372	600	62.00	2,036	65.68	453	800	1,253	40.42	344	413	209	144	548			6226:00	730	1,788	40.83	217	670	32.39	398	550	72.36	2,075	66.94	340	753	1,093	35.26	414	402	209	160	576		
244	Furman	6450:00	842	1,771	47.54	293	755	38.81	404	586	68.94	2,381	74.41	294	820	1,114	34.81	482	413	222	77	572			6450:00	735	1,750	42.00	222	711	31.22	429	611	70.21	2,121	66.28	297	738	1,035	32.34	379	432	185	71	574		
249	George Washington	6000:00	690	1,652	41.77	236	637	37.05	480	641	74.88	2,096	69.87	351	768	1,119	37.30	394	401	158	114	468			6000:00	774	1,747	44.30	200	553	36.17	344	465	73.98	2,092	69.73	267	694	961	32.03	429	321	218	99	563		
248	George Mason	6300:00	814	1,791	45.45	169	494	34.21	522	706	73.94	2,319	74.81	348	901	1,249	40.29	367	399	159	81	520			6302:00	808	1,909	42.33	231	709	32.58	375	533	70.36	2,222	71.68	291	731	1,022	32.97	425	314	185	127	588		
519	Ohio	5801:00	782	1,722	45.41	274	703	38.98	416	601	69.22	2,254	77.72	273	806	1,079	37.21	400	368	172	83	520			5801:00	720	1,739	41.40	198	623	31.78	394	574	68.64	2,032	70.07	308	765	1,073	37.00	309	392	174	82	579		
518	Ohio St.	6225:00	809	1,741	46.47	205	572	35.84	449	652	68.87	2,272	73.29	317	844	1,161	37.45	421	409	162	117	546			6225:00	768	1,840	41.74	271	757	35.80	359	541	66.36	2,166	69.87	332	740	1,072	34.58	409	373	154	95	598		
513	Notre Dame	6225:00	858	1,861	46.10	296	761	38.90	423	523	80.88	2,435	78.55	291	770	1,061	34.23	506	298	223	121	468			6225:00	783	1,840	42.55	216	642	33.64	365	494	73.89	2,147	69.26	346	762	1,108	35.74	405	395	167	128	493		
1004	Central Ark.	6073:00	783	1,787	43.82	216	573	37.70	461	641	71.92	2,243	74.77	313	765	1,078	35.93	443	425	166	81	562			6076:00	889	1,912	46.50	330	847	38.96	410	599	68.45	2,518	83.93	359	777	1,136	37.87	562	346	201	93	546		
514	Oakland	6425:00	880	1,935	45.48	227	688	32.99	555	730	76.03	2,542	79.44	329	917	1,246	38.94	549	436	259	165	557			6425:00	825	2,041	40.42	209	660	31.67	404	581	69.54	2,263	70.72	377	806	1,183	36.97	415	464	204	98	635		
458	Charlotte	5825:00	777	1,749	44.43	226	605	37.36	442	594	74.41	2,222	76.62	219	733	952	32.83	350	357	180	94	562			5825:00	842	1,803	46.70	199	549	36.25	450	641	70.20	2,333	80.45	330	835	1,165	40.17	389	399	186	96	549		
459	UNCG	6799:00	914	1,972	46.35	301	778	38.69	422	595	70.92	2,551	75.03	392	821	1,213	35.68	503	462	237	133	614			6801:00	803	1,890	42.49	249	698	35.67	479	645	74.26	2,334	68.65	352	731	1,083	31.85	421	469	217	103	593		
627	San Diego	6325:00	666	1,636	40.71	258	741	34.82	435	603	72.14	2,025	65.32	254	774	1,028	33.16	376	379	121	54	600			6325:00	785	1,710	45.91	225	615	36.59	415	608	68.26	2,210	71.29	261	798	1,059	34.16	378	311	147	108	571		
626	San Diego St.	6000:00	711	1,708	41.63	214	688	31.10	412	589	69.95	2,048	68.27	313	773	1,086	36.20	326	349	209	143	518			6000:00	652	1,690	38.58	199	619	32.15	370	527	70.21	1,873	62.43	323	745	1,068	35.60	341	387	155	108	569		
625	Samford	7050:00	906	1,941	46.68	271	673	40.27	615	831	74.01	2,698	79.35	332	906	1,238	36.41	554	466	214	81	652			7050:00	905	2,125	42.59	285	853	33.41	498	695	71.65	2,593	76.26	415	811	1,226	36.06	556	427	229	133	697		
624	Sam Houston St.	6225:00	828	1,867	44.35	191	603	31.67	476	700	68.00	2,323	74.94	358	807	1,165	37.58	472	437	227	87	696			6225:00	713	1,675	42.57	223	645	34.57	572	791	72.31	2,221	71.65	281	789	1,070	34.52	395	520	199	107	653		
450	Mt. St. Mary's	6626:00	807	1,811	44.56	241	668	36.08	397	593	66.95	2,252	68.24	251	743	994	30.12	373	439	204	134	597			6625:00	839	1,867	44.94	177	513	34.50	416	624	66.67	2,271	68.82	395	842	1,237	37.48	373	490	210	91	620		
629	San Francisco	6399:00	840	1,855	45.28	292	818	35.70	314	500	62.80	2,286	71.44	299	846	1,145	35.78	414	404	210	89	620			6399:00	764	1,822	41.93	199	599	33.22	410	604	67.88	2,137	66.78	316	807	1,123	35.09	361	422	167	122	543		
454	Murray St.	6750:00	899	2,040	44.07	289	803	35.99	552	751	73.50	2,639	79.97	399	844	1,243	37.67	458	403	198	75	661			6750:00	879	1,955	44.96	260	722	36.01	525	741	70.85	2,543	77.06	345	855	1,200	36.36	439	434	191	107	640		
456	UNC Asheville	6525:00	878	1,850	47.46	258	652	39.57	455	667	68.22	2,469	77.16	274	804	1,078	33.69	499	369	300	62	531			6525:00	786	1,765	44.53	236	680	34.71	364	552	65.94	2,172	67.88	292	819	1,111	34.72	437	532	170	102	575		
457	North Carolina	6225:00	961	2,041	47.08	228	616	37.01	486	696	69.83	2,636	85.03	494	871	1,365	44.03	556	375	218	105	544			6225:00	770	1,856	41.49	252	742	33.96	380	540	70.37	2,172	70.06	286	668	954	30.77	367	430	192	139	607		
178	Delaware St.	6276:00	759	1,801	42.14	259	708	36.58	347	526	65.97	2,124	68.52	333	685	1,018	32.84	414	424	173	85	589			6276:00	796	1,774	44.87	263	752	34.97	475	662	71.75	2,330	75.16	388	804	1,192	38.45	477	442	203	100	521		
176	DePaul	6225:00	750	1,741	43.08	180	547	32.91	462	626	73.80	2,142	69.10	322	695	1,017	32.81	355	437	206	90	615			6225:00	783	1,684	46.50	247	677	36.48	500	681	73.42	2,313	74.61	295	770	1,065	34.35	476	432	199	103	605		
175	Dayton	6025:00	776	1,644	47.20	241	626	38.50	510	738	69.11	2,303	76.77	261	776	1,037	34.57	473	364	240	124	565			6025:00	687	1,669	41.16	210	649	32.36	405	578	70.07	1,989	66.30	296	730	1,026	34.20	382	452	138	103	604		
173	Davidson	5850:00	743	1,706	43.55	265	778	34.06	396	531	74.58	2,147	74.03	268	785	1,053	36.31	454	353	158	97	540			5850:00	727	1,698	42.82	209	568	36.80	405	582	69.59	2,068	71.31	295	779	1,074	37.03	372	352	199	106	528		
172	Dartmouth	5425:00	631	1,461	43.19	199	563	35.35	351	495	70.91	1,812	67.11	249	667	916	33.93	309	401	126	49	494			5425:00	740	1,578	46.89	197	563	34.99	343	484	70.87	2,020	74.81	250	651	901	33.37	335	294	185	127	511		
183	Denver	6050:00	811	1,684	48.16	223	555	40.18	428	583	73.41	2,279	75.97	273	785	1,058	35.27	452	404	150	64	603			6050:00	756	1,700	44.47	236	659	35.81	491	664	73.95	2,239	74.63	257	676	933	31.10	349	323	206	101	587		
654	Southeast Mo. St.	6650:00	852	1,896	44.94	263	716	36.73	493	664	74.25	2,460	74.55	289	735	1,024	31.03	454	410	248	63	644			6650:00	857	1,794	47.77	264	719	36.72	486	684	71.05	2,464	74.67	311	851	1,162	35.21	474	518	155	99	601		
657	Southern California	6225:00	848	1,856	45.69	246	672	36.61	503	682	73.75	2,445	78.87	335	793	1,128	36.39	478	352	219	175	494			6225:00	837	1,954	42.84	259	714	36.27	333	471	70.70	2,266	73.10	360	744	1,104	35.61	444	393	179	97	581		
180	Delaware	6624:00	775	1,841	42.10	196	644	30.43	411	599	68.61	2,157	65.36	322	838	1,160	35.15	385	396	176	102	626			6624:00	813	1,823	44.60	280	772	36.27	475	711	66.81	2,381	72.15	306	849	1,155	35.00	483	330	188	120	562		
655	Southeastern La.	6200:00	776	1,720	45.12	210	572	36.71	441	650	67.85	2,203	71.06	375	751	1,126	36.32	445	493	209	105	594			6199:00	729	1,699	42.91	196	569	34.45	451	652	69.17	2,105	67.90	316	686	1,002	32.32	368	469	193	123	640		
650	South Dakota	6625:00	882	1,985	44.43	217	639	33.96	583	828	70.41	2,564	77.70	343	898	1,241	37.61	400	390	220	112	638			6625:00	853	1,987	42.93	263	721	36.48	457	624	73.24	2,426	73.52	322	876	1,198	36.30	421	449	166	131	663		
651	South Fla.	5825:00	692	1,625	42.58	167	484	34.50	328	500	65.60	1,879	64.79	320	698	1,018	35.10	350	468	174	111	556			5825:00	718	1,671	42.97	275	696	39.51	447	659	67.83	2,158	74.41	363	715	1,078	37.17	465	382	238	125	499		
189	Drake	6275:00	760	1,860	40.86	270	784	34.44	418	553	75.59	2,208	71.23	311	760	1,071	34.55	403	389	188	77	565			6275:00	866	1,878	46.11	259	701	36.95	399	574	69.51	2,390	77.10	340	849	1,189	38.35	430	385	212	130	528		
659	Southern Ill.	6500:00	789	1,807	43.66	170	535	31.78	462	665	69.47	2,210	69.06	334	741	1,075	33.59	370	389	220	123	587			6500:00	787	1,749	45.00	253	643	39.35	399	606	65.84	2,226	69.56	327	793	1,120	35.00	401	446	167	107	600		
184	Detroit Mercy	6275:00	830	1,867	44.46	251	675	37.19	476	717	66.39	2,387	77.00	320	716	1,036	33.42	398	451	203	78	741			6275:00	894	1,789	49.97	252	663	38.01	590	853	69.17	2,630	84.84	323	841	1,164	37.55	456	456	201	121	632		
14	Albany (NY)	6601:00	865	1,842	46.96	181	480	37.71	477	627	76.08	2,388	72.36	367	824	1,191	36.09	420	395	176	52	580			6602:00	770	1,773	43.43	262	772	33.94	384	539	71.24	2,186	66.24	253	694	947	28.70	421	390	190	133	606		
17	Alcorn	5824:00	730	1,692	43.14	209	621	33.66	358	547	65.45	2,027	69.90	343	769	1,112	38.34	390	406	188	103	558			5824:00	704	1,665	42.28	168	535	31.40	427	653	65.39	2,003	69.07	335	729	1,064	36.69	386	376	195	72	501		
2699	IUPUI	6250:00	864	1,897	45.55	282	717	39.33	428	622	68.81	2,438	78.65	339	731	1,070	34.52	451	385	208	86	631			6251:00	828	1,760	47.05	221	603	36.65	550	726	75.76	2,427	78.29	288	791	1,079	34.81	418	423	175	126	616		
327	Kansas St.	6225:00	776	1,692	45.86	223	614	36.32	472	681	69.31	2,247	72.48	302	720	1,022	32.97	472	410	250	113	555			6225:00	734	1,710	42.92	220	571	38.53	406	560	72.50	2,094	67.55	337	701	1,038	33.48	406	480	198	102	605		
328	Kansas	6275:00	921	1,887	48.81	269	659	40.82	454	688	65.99	2,565	82.74	378	834	1,212	39.10	506	404	217	143	563			6275:00	794	1,905	41.68	229	642	35.67	414	584	70.89	2,231	71.97	365	713	1,078	34.77	398	415	214	119	590		
201	Eastern Ill.	5975:00	772	1,852	41.68	259	696	37.21	366	500	73.20	2,169	74.79	347	734	1,081	37.28	443	370	198	119	561			5975:00	718	1,667	43.07	197	557	35.37	450	642	70.09	2,083	71.83	330	796	1,126	38.83	373	458	171	92	531		
774	Western Mich.	6226:00	839	1,853	45.28	201	544	36.95	475	671	70.79	2,354	75.94	362	751	1,113	35.90	403	389	181	90	580			6226:00	836	1,768	47.29	239	657	36.38	431	608	70.89	2,342	75.55	270	757	1,027	33.13	433	412	188	93	621		
202	Eastern Ky.	6325:00	750	1,752	42.81	235	733	32.06	462	655	70.53	2,197	70.87	286	733	1,019	32.87	427	432	185	114	620			6325:00	785	1,770	44.35	224	640	35.00	536	734	73.02	2,330	75.16	349	806	1,155	37.26	438	428	230	99	605		
771	Western Ill.	5724:00	711	1,633	43.54	254	654	38.84	336	475	70.74	2,012	71.86	194	774	968	34.57	375	369	130	126	546			5725:00	729	1,671	43.63	214	527	40.61	479	656	73.02	2,151	76.82	247	804	1,051	37.54	376	289	182	72	484		
204	Eastern Mich.	6451:00	897	1,989	45.10	208	600	34.67	502	696	72.13	2,504	78.25	405	759	1,164	36.38	434	386	312	144	684			6450:00	747	1,774	42.11	233	702	33.19	603	841	71.70	2,330	72.81	390	783	1,173	36.66	486	522	208	81	609		
207	Eastern Wash.	6450:00	859	1,800	47.72	256	673	38.04	479	625	76.64	2,453	79.13	283	814	1,097	35.39	392	383	145	151	613			6450:00	812	1,862	43.61	250	684	36.55	477	656	72.71	2,351	75.84	325	741	1,066	34.39	424	338	199	84	609		
772	Western Ky.	6000:00	731	1,654	44.20	207	580	35.69	409	608	67.27	2,078	69.27	279	763	1,042	34.73	379	368	133	100	443			6000:00	808	1,775	45.52	252	683	36.90	306	434	70.51	2,174	72.47	278	756	1,034	34.47	447	322	164	91	530		
77	BYU	6399:00	890	1,931	46.09	215	619	34.73	607	829	73.22	2,602	81.31	334	1,008	1,342	41.94	511	439	218	151	627			6399:00	835	2,048	40.77	250	790	31.65	417	650	64.15	2,339	73.09	336	825	1,161	36.28	436	400	221	97	688		
72	Bradley	6625:00	731	1,727	42.33	217	609	35.63	484	720	67.22	2,163	65.55	297	865	1,162	35.21	373	499	203	123	672			6625:00	775	1,861	41.64	248	725	34.21	535	748	71.52	2,333	70.70	361	836	1,197	36.27	452	430	258	108	652		
71	Bowling Green	6475:00	832	1,957	42.51	220	644	34.16	471	706	66.71	2,355	73.59	353	800	1,153	36.03	390	408	220	87	623			6475:00	879	1,893	46.43	231	675	34.22	464	638	72.73	2,453	76.66	311	899	1,210	37.81	420	472	202	127	663		
2	Abilene Christian	5901:00	721	1,555	46.37	207	550	37.64	360	544	66.18	2,009	69.28	222	683	905	31.21	408	412	210	83	631			5899:00	708	1,556	45.50	210	581	36.14	447	671	66.62	2,073	71.48	299	716	1,015	35.00	393	428	178	88	502		
669	Missouri St.	6725:00	838	1,893	44.27	270	742	36.39	457	652	70.09	2,403	72.82	377	835	1,212	36.73	403	406	176	127	585			6726:00	801	1,845	43.41	224	657	34.09	451	601	75.04	2,277	69.00	268	757	1,025	31.06	436	371	196	86	614		
667	Southern Utah	6000:00	735	1,816	40.47	261	740	35.27	574	777	73.87	2,305	76.83	356	757	1,113	37.10	352	418	169	97	729			6000:00	830	1,733	47.89	251	660	38.03	624	868	71.89	2,535	84.50	292	813	1,105	36.83	457	378	174	136	658		
665	Southern U.	6225:00	783	1,781	43.96	158	480	32.92	508	724	70.17	2,232	72.00	378	796	1,174	37.87	366	426	177	117	594			6225:00	799	1,863	42.89	193	618	31.23	464	696	66.67	2,257	72.81	396	735	1,131	36.48	351	385	182	128	583		
664	Southern Miss.	6100:00	663	1,664	39.84	193	631	30.59	358	510	70.20	1,877	62.57	252	784	1,036	34.53	365	395	135	63	502			6100:00	754	1,719	43.86	269	734	36.65	376	553	67.99	2,153	71.77	265	830	1,095	36.50	451	343	178	117	509		
663	SMU	6000:00	781	1,679	46.52	239	600	39.83	408	592	68.92	2,209	73.63	377	796	1,173	39.10	489	325	180	101	432			6000:00	634	1,640	38.66	243	744	32.66	269	399	67.42	1,780	59.33	274	602	876	29.20	364	357	145	95	543		
660	SIUE	5650:00	629	1,562	40.27	130	452	28.76	494	729	67.76	1,882	67.21	327	667	994	35.50	285	414	131	77	604			5651:00	741	1,581	46.87	164	503	32.60	485	664	73.04	2,131	76.11	268	721	989	35.32	417	364	181	101	614		
692	Tennessee Tech	6500:00	786	1,867	42.10	241	743	32.44	504	712	70.79	2,317	72.41	356	805	1,161	36.28	445	434	215	123	675			6500:00	788	1,826	43.15	249	730	34.11	513	698	73.50	2,340	73.12	339	837	1,176	36.75	473	469	186	110	650		
693	Chattanooga	6225:00	801	1,718	46.62	231	667	34.63	481	677	71.05	2,314	74.65	322	683	1,005	32.42	377	413	241	145	570			6225:00	748	1,682	44.47	175	511	34.25	461	610	75.57	2,132	68.77	328	710	1,038	33.48	365	462	196	106	603		
690	Temple	6276:00	782	1,847	42.34	278	778	35.73	358	496	72.18	2,200	70.97	304	758	1,062	34.26	452	355	202	125	561			6274:00	779	1,820	42.80	216	637	33.91	423	581	72.81	2,197	70.87	359	815	1,174	37.87	426	390	167	121	475		
691	Tennessee St.	6100:00	744	1,680	44.29	170	501	33.93	476	688	69.19	2,134	71.13	366	752	1,118	37.27	339	452	201	102	633			6100:00	637	1,567	40.65	248	712	34.83	510	737	69.20	2,032	67.73	286	692	978	32.60	384	471	167	91	637		
697	Texas A&M	5800:00	764	1,646	46.42	182	542	33.58	362	554	65.34	2,072	71.45	377	745	1,122	38.69	465	417	180	164	480			5800:00	690	1,712	40.30	231	655	35.27	354	485	72.99	1,965	67.76	340	619	959	33.07	400	349	196	96	507		
694	Tennessee	6025:00	765	1,786	42.83	175	531	32.96	562	772	72.80	2,267	75.57	367	770	1,137	37.90	421	384	167	136	639			6025:00	744	1,739	42.78	208	591	35.19	526	752	69.95	2,222	74.07	345	767	1,112	37.07	365	419	183	111	645		
695	UT Martin	6476:00	899	1,907	47.14	263	748	35.16	432	625	69.12	2,493	77.91	416	796	1,212	37.88	522	486	209	111	566			6474:00	854	1,931	44.23	294	844	34.83	414	589	70.29	2,416	75.50	374	680	1,054	32.94	499	440	208	90	582		
698	TCU	6025:00	797	1,724	46.23	215	618	34.79	405	586	69.11	2,214	73.80	347	721	1,068	35.60	496	406	196	146	521			6025:00	762	1,724	44.20	203	566	35.87	361	517	69.83	2,088	69.60	316	654	970	32.33	455	402	183	105	553		
699	Texas Southern	6249:00	780	1,808	43.14	186	624	29.81	581	790	73.54	2,327	75.06	367	718	1,085	35.00	366	349	210	95	540			6249:00	836	1,848	45.24	177	537	32.96	411	599	68.61	2,262	72.97	373	771	1,144	36.90	406	413	153	106	662		
540	Penn	5400:00	684	1,538	44.47	226	663	34.09	270	412	65.53	1,864	69.04	258	674	932	34.52	391	346	177	98	484			5400:00	626	1,497	41.82	217	599	36.23	363	500	72.60	1,832	67.85	283	672	955	35.37	342	371	154	82	438		
541	Pepperdine	6200:00	807	1,810	44.59	178	482	36.93	348	543	64.09	2,140	69.03	295	737	1,032	33.29	420	389	157	84	531			6200:00	910	1,875	48.53	292	698	41.83	378	535	70.65	2,490	80.32	302	828	1,130	36.45	513	337	191	118	566		
545	Pittsburgh	6300:00	768	1,727	44.47	247	677	36.48	497	679	73.20	2,280	73.55	298	795	1,093	35.26	450	373	123	105	517			6300:00	864	1,917	45.07	246	693	35.50	356	504	70.63	2,330	75.16	335	748	1,083	34.94	473	307	164	110	581		
8	Alabama	6100:00	709	1,686	42.05	202	641	31.51	433	672	64.43	2,053	68.43	374	808	1,182	39.40	338	424	189	130	591			6100:00	654	1,639	39.90	190	566	33.57	444	659	67.37	1,942	64.73	298	719	1,017	33.90	294	414	190	90	593		
26172	A&M-Corpus Chris	5850:00	785	1,664	47.18	154	461	33.41	469	648	72.38	2,193	75.62	305	690	995	34.31	387	399	265	116	568			5850:00	719	1,639	43.87	231	663	34.84	446	637	70.02	2,115	72.93	332	685	1,017	35.07	398	467	215	79	605		
2707	UMKC	6002:00	789	1,782	44.28	273	737	37.04	458	645	71.01	2,309	76.97	295	731	1,026	34.20	398	430	203	83	665			6001:00	819	1,795	45.63	218	649	33.59	505	741	68.15	2,361	78.70	348	790	1,138	37.93	416	447	186	81	602		
127	Central Conn. St.	5650:00	645	1,541	41.86	135	398	33.92	325	525	61.90	1,750	62.50	323	613	936	33.43	329	398	158	66	518			5650:00	717	1,539	46.59	220	578	38.06	367	537	68.34	2,021	72.18	293	697	990	35.36	390	381	173	110	524		
128	UCF	6025:00	687	1,587	43.29	207	614	33.71	427	649	65.79	2,008	66.93	338	919	1,257	41.90	339	445	113	118	460			6025:00	656	1,816	36.12	221	717	30.82	283	402	70.40	1,816	60.53	297	679	976	32.53	396	292	202	84	599		
129	Central Mich.	6476:00	912	2,153	42.36	399	1,115	35.78	603	762	79.13	2,826	88.31	364	881	1,245	38.91	362	362	180	93	612			6476:00	1,022	2,223	45.97	282	815	34.60	481	688	69.91	2,807	87.72	425	942	1,367	42.72	465	398	188	109	655		
563	Radford	6500:00	745	1,803	41.32	247	716	34.50	353	530	66.60	2,090	65.31	396	823	1,219	38.09	393	470	153	114	550			6500:00	826	1,851	44.62	214	600	35.67	381	551	69.15	2,247	70.22	303	767	1,070	33.44	381	327	223	118	499		
414	Miami (OH)	6451:00	787	1,815	43.36	199	647	30.76	476	689	69.09	2,249	70.28	298	793	1,091	34.09	364	467	238	125	643			6450:00	796	1,842	43.21	271	782	34.65	521	709	73.48	2,384	74.50	361	862	1,223	38.22	392	484	259	115	639		
415	Miami (FL)	6025:00	751	1,644	45.68	191	527	36.24	412	572	72.03	2,105	70.17	334	759	1,093	36.43	361	384	193	118	466			6025:00	684	1,667	41.03	188	573	32.81	347	477	72.75	1,903	63.43	296	649	945	31.50	346	359	181	93	510		
416	Michigan St.	6225:00	803	1,702	47.18	243	637	38.15	382	576	66.32	2,231	71.97	284	842	1,126	36.32	531	443	139	147	630			6225:00	740	1,807	40.95	209	599	34.89	453	630	71.90	2,142	69.10	318	710	1,028	33.16	408	343	185	93	593		
418	Michigan	6250:00	809	1,687	47.95	295	764	38.61	401	520	77.12	2,314	74.65	241	673	914	29.48	429	293	179	88	474			6250:00	766	1,647	46.51	181	478	37.87	323	473	68.29	2,036	65.68	276	688	964	31.10	349	397	132	76	540		
419	Middle Tenn.	6225:00	871	1,789	48.69	196	538	36.43	362	519	69.75	2,300	74.19	309	789	1,098	35.42	469	327	210	87	558			6225:00	675	1,604	42.08	185	578	32.01	420	596	70.47	1,955	63.06	244	688	932	30.06	329	415	153	73	509		
312	Iowa	6350:00	866	1,932	44.82	265	712	37.22	489	697	70.16	2,486	80.19	376	824	1,200	38.71	538	427	231	119	556			6350:00	880	2,007	43.85	260	746	34.85	370	541	68.39	2,390	77.10	399	803	1,202	38.77	529	448	235	104	616		
311	Iowa St.	6125:00	878	1,902	46.16	299	750	39.87	358	513	69.79	2,413	80.43	289	762	1,051	35.03	477	305	242	102	479			6125:00	793	1,855	42.75	233	664	35.09	337	478	70.50	2,156	71.87	361	809	1,170	39.00	407	448	138	103	499		
310	Iona	6875:00	951	2,091	45.48	332	836	39.71	502	652	76.99	2,736	80.47	325	898	1,223	35.97	531	411	235	101	652			6876:00	916	2,120	43.21	271	753	35.99	493	708	69.63	2,596	76.35	416	884	1,300	38.24	493	449	162	99	589		
317	James Madison	6677:00	770	1,733	44.43	208	629	33.07	446	623	71.59	2,194	66.48	310	823	1,133	34.33	385	467	194	89	668			6675:00	775	1,767	43.86	262	757	34.61	487	679	71.72	2,299	69.67	275	750	1,025	31.06	418	390	202	88	605		
316	Jacksonville	6427:00	850	1,819	46.73	319	784	40.69	462	632	73.10	2,481	77.53	293	751	1,044	32.62	430	413	259	56	605			6427:00	851	1,796	47.38	270	726	37.19	427	640	66.72	2,399	74.97	293	775	1,068	33.38	435	469	182	96	603		
315	Jacksonville St.	6850:00	834	1,823	45.75	248	666	37.24	455	639	71.21	2,371	69.74	351	870	1,221	35.91	479	463	156	126	615			6850:00	785	1,891	41.51	263	701	37.52	467	649	71.96	2,300	67.65	338	742	1,080	31.76	386	375	203	101	614		
314	Jackson St.	6252:00	694	1,792	38.73	211	707	29.84	405	605	66.94	2,004	64.65	408	719	1,127	36.35	341	378	192	82	620			6250:00	677	1,554	43.56	185	553	33.45	534	741	72.06	2,073	66.87	270	781	1,051	33.90	363	427	155	93	559		
368	UMass Lowell	6282:00	877	1,825	48.05	258	662	38.97	417	567	73.54	2,429	78.35	280	758	1,038	33.48	495	474	171	64	622			6275:00	872	1,882	46.33	255	695	36.69	518	704	73.58	2,517	81.19	333	747	1,080	34.84	477	408	269	82	574		
369	Loyola Maryland	6050:00	685	1,617	42.36	156	478	32.64	453	659	68.74	1,979	65.97	349	649	998	33.27	353	447	214	105	579			6050:00	740	1,583	46.75	178	522	34.10	397	554	71.66	2,055	68.50	269	685	954	31.80	394	430	211	125	598		
366	Louisiana Tech	6217:00	859	1,831	46.91	247	676	36.54	446	629	70.91	2,411	77.77	304	853	1,157	37.32	519	382	211	169	487			6225:00	756	1,832	41.27	205	613	33.44	336	492	68.29	2,053	66.23	296	768	1,064	34.32	425	438	181	94	540		
367	Louisville	6250:00	864	1,901	45.45	224	615	36.42	452	656	68.90	2,404	77.55	418	815	1,233	39.77	420	349	213	169	600			6250:00	683	1,731	39.46	190	619	30.69	470	681	69.02	2,026	65.35	331	721	1,052	33.94	333	431	158	103	575		
365	LSU	6000:00	835	1,839	45.41	195	562	34.70	402	581	69.19	2,267	75.57	345	736	1,081	36.03	389	432	182	105	582			6000:00	869	1,840	47.23	266	694	38.33	489	685	71.39	2,493	83.10	344	763	1,107	36.90	470	371	203	108	540		
363	Longwood	5801:00	709	1,606	44.15	180	551	32.67	346	472	73.31	1,944	67.03	213	678	891	30.72	311	443	172	121	519			5800:00	845	1,776	47.58	245	616	39.77	394	562	70.11	2,329	80.31	351	757	1,108	38.21	412	371	231	71	460		
361	LIU Brooklyn	6470:00	803	1,846	43.50	184	534	34.46	488	710	68.73	2,278	71.19	423	819	1,242	38.81	350	460	186	107	641			6474:00	766	1,796	42.65	222	633	35.07	464	659	70.41	2,218	69.31	330	728	1,058	33.06	388	434	198	124	642		
380	Maine	6397:00	746	1,853	40.26	212	665	31.88	365	558	65.41	2,069	64.66	325	798	1,123	35.09	377	419	165	63	562			6399:00	861	1,868	46.09	234	651	35.94	444	616	72.08	2,400	75.00	313	883	1,196	37.38	449	371	213	112	512		
381	Manhattan	6523:00	754	1,814	41.57	209	637	32.81	542	743	72.95	2,259	70.59	355	766	1,121	35.03	350	530	224	105	793			6526:00	796	1,759	45.25	224	571	39.23	669	940	71.17	2,485	77.66	331	796	1,127	35.22	480	469	210	125	687		
386	Marist	6448:00	749	1,747	42.87	245	736	33.29	480	662	72.51	2,223	69.47	235	763	998	31.19	352	409	146	83	629			6448:00	879	1,909	46.05	250	663	37.71	522	707	73.83	2,530	79.06	374	854	1,228	38.38	474	350	204	99	614		
387	Marquette	6025:00	870	1,775	49.01	312	725	43.03	430	554	77.62	2,482	82.73	266	735	1,001	33.37	504	368	224	107	583			6025:00	796	1,742	45.69	221	601	36.77	430	625	68.80	2,243	74.77	296	702	998	33.27	478	398	194	109	520		
388	Marshall	6275:00	911	1,991	45.76	311	840	37.02	546	743	73.49	2,679	86.42	289	858	1,147	37.00	512	389	196	122	579			6275:00	990	2,123	46.63	220	635	34.65	442	669	66.07	2,642	85.23	409	895	1,304	42.06	471	417	193	107	640		
786	William & Mary	6051:00	854	1,749	48.83	272	714	38.10	460	666	69.07	2,440	81.33	265	834	1,099	36.63	524	376	164	149	543			6051:00	805	1,842	43.70	259	754	34.35	437	626	69.81	2,306	76.87	312	735	1,047	34.90	394	335	191	111	563		
782	Wichita St.	6600:00	930	1,956	47.55	289	709	40.76	570	775	73.55	2,719	82.39	396	951	1,347	40.82	556	371	228	122	625			6600:00	696	1,829	38.05	221	707	31.26	459	661	69.44	2,072	62.79	298	748	1,046	31.70	348	465	174	109	690		
579	Robert Morris	6625:00	728	1,818	40.04	183	574	31.88	486	751	64.71	2,125	64.39	363	776	1,139	34.52	348	497	261	80	671			6625:00	777	1,773	43.82	162	543	29.83	522	754	69.23	2,238	67.82	354	873	1,227	37.18	391	547	212	130	689		
572	Rhode Island	6025:00	782	1,743	44.87	182	555	32.79	447	681	65.64	2,193	73.10	367	762	1,129	37.63	399	338	198	186	635			6024:00	649	1,587	40.89	139	473	29.39	518	736	70.38	1,955	65.17	312	723	1,035	34.50	303	404	165	97	602		
576	Rider	6625:00	907	2,034	44.59	179	539	33.21	505	752	67.15	2,498	75.70	421	910	1,331	40.33	466	481	219	119	653			6625:00	859	2,007	42.80	247	732	33.74	535	721	74.20	2,500	75.76	338	853	1,191	36.09	449	445	236	118	670		
575	Richmond	6025:00	799	1,707	46.81	234	688	34.01	391	553	70.71	2,223	74.10	206	738	944	31.47	510	357	206	58	562			6025:00	743	1,709	43.48	191	612	31.21	456	632	72.15	2,133	71.10	317	783	1,100	36.67	384	429	181	89	547		
574	Rice	6275:00	844	1,818	46.42	288	743	38.76	551	752	73.27	2,527	81.52	318	866	1,184	38.19	427	462	192	114	594			6275:00	829	1,893	43.79	195	586	33.28	475	680	69.85	2,328	75.10	302	767	1,069	34.48	408	416	217	87	652		
61	Bethune-Cookman	6175:00	802	1,913	41.92	213	660	32.27	329	506	65.02	2,146	71.53	373	692	1,065	35.50	429	384	238	88	602			6176:00	829	1,762	47.05	213	635	33.54	462	689	67.05	2,333	77.77	371	829	1,200	40.00	493	447	176	116	488		
62	Binghamton	6426:00	768	1,757	43.71	248	685	36.20	391	555	70.45	2,175	67.97	251	804	1,055	32.97	410	397	167	78	545			6425:00	815	1,813	44.95	248	687	36.10	392	574	68.29	2,270	70.94	296	821	1,117	34.91	448	373	186	97	542		
66	Boise St.	5800:00	739	1,634	45.23	235	665	35.34	494	694	71.18	2,207	76.10	285	764	1,049	36.17	364	372	145	69	602			5800:00	695	1,647	42.20	160	489	32.72	502	680	73.82	2,052	70.76	263	706	969	33.41	329	343	175	125	601		
67	Boston College	6201:00	816	1,816	44.93	250	666	37.54	360	530	67.92	2,242	72.32	279	801	1,080	34.84	460	457	171	83	569			6201:00	839	1,793	46.79	220	628	35.03	518	686	75.51	2,416	77.94	256	816	1,072	34.58	487	385	239	118	505		
68	Boston U.	6500:00	817	1,844	44.31	274	773	35.45	431	619	69.63	2,339	73.09	321	820	1,141	35.66	449	459	265	81	610			6500:00	769	1,809	42.51	274	755	36.29	452	661	68.38	2,264	70.75	326	812	1,138	35.56	441	473	225	104	557		
253	Ga. Southern	6223:00	798	1,793	44.51	290	783	37.04	487	732	66.53	2,373	76.55	304	784	1,088	35.10	330	371	212	97	613			6224:00	792	1,848	42.86	250	755	33.11	422	638	66.14	2,256	72.77	387	836	1,223	39.45	400	430	150	103	605		
251	Georgetown	6250:00	781	1,694	46.10	201	569	35.33	533	722	73.82	2,296	74.06	295	804	1,099	35.45	468	441	172	143	649			6250:00	775	1,832	42.30	194	594	32.66	491	703	69.84	2,235	72.10	354	717	1,071	34.55	387	383	215	103	646		
257	Georgia	6052:00	751	1,675	44.84	160	479	33.40	518	689	75.18	2,180	72.67	291	821	1,112	37.07	397	401	168	120	568			6052:00	729	1,790	40.73	216	644	33.54	428	614	69.71	2,102	70.07	330	711	1,041	34.70	345	363	195	98	613		
254	Georgia St.	6025:00	813	1,717	47.35	229	632	36.23	374	578	64.71	2,229	74.30	303	755	1,058	35.27	370	418	222	130	604			6025:00	683	1,669	40.92	257	777	33.08	459	644	71.27	2,082	69.40	310	681	991	33.03	404	437	183	83	542		
255	Georgia Tech	6225:00	762	1,737	43.87	140	420	33.33	421	618	68.12	2,085	67.26	303	818	1,121	36.16	472	431	200	189	509			6225:00	740	1,860	39.78	231	683	33.82	365	530	68.87	2,076	66.97	355	756	1,111	35.84	397	398	217	127	554		
157	Colorado	6250:00	811	1,808	44.86	226	637	35.48	495	712	69.52	2,343	75.58	367	804	1,171	37.77	436	385	158	132	572			6250:00	775	1,822	42.54	248	699	35.48	423	589	71.82	2,221	71.65	319	756	1,075	34.68	377	379	185	123	670		
731	Utah St.	5825:00	735	1,600	45.94	216	580	37.24	396	565	70.09	2,082	71.79	245	790	1,035	35.69	432	372	140	90	552			5825:00	723	1,708	42.33	215	643	33.44	387	565	68.50	2,048	70.62	290	711	1,001	34.52	409	318	185	87	519		
732	Utah	6050:00	880	1,742	50.52	201	568	35.39	407	595	68.40	2,368	78.93	304	848	1,152	38.40	445	405	187	102	500			6050:00	734	1,768	41.52	205	596	34.40	356	528	67.42	2,029	67.63	259	671	930	31.00	353	368	186	95	575		
735	Valparaiso	6450:00	827	1,854	44.61	214	651	32.87	540	697	77.47	2,408	75.25	344	881	1,225	38.28	414	413	204	96	602			6450:00	771	1,874	41.14	234	713	32.82	416	602	69.10	2,192	68.50	313	758	1,071	33.47	417	410	196	100	638		
508	Northwestern St.	5851:00	751	1,698	44.23	203	554	36.64	499	723	69.02	2,204	76.00	337	713	1,050	36.21	406	439	196	78	568			5850:00	816	1,738	46.95	228	606	37.62	441	663	66.52	2,301	79.34	329	736	1,065	36.72	478	424	203	94	628		
509	Northwestern	6200:00	786	1,824	43.09	222	658	33.74	420	560	75.00	2,214	71.42	339	800	1,139	36.74	480	319	157	163	603			6200:00	697	1,750	39.83	193	593	32.55	424	634	66.88	2,011	64.87	355	768	1,123	36.23	372	371	172	115	553		
739	Villanova	6000:00	807	1,624	49.69	263	713	36.89	446	558	79.93	2,323	77.43	260	744	1,004	33.47	429	340	211	91	434			6000:00	709	1,696	41.80	216	692	31.21	266	368	72.28	1,900	63.33	282	607	889	29.63	422	387	155	55	550		
738	Vermont	6397:00	873	1,752	49.83	203	559	36.31	422	603	69.98	2,371	74.09	304	795	1,099	34.34	434	368	187	135	510			6398:00	746	1,755	42.51	187	547	34.19	321	456	70.39	2,000	62.50	288	677	965	30.16	335	423	179	82	591		
504	UNI	6075:00	622	1,559	39.90	229	702	32.62	381	520	73.27	1,854	61.80	182	701	883	29.43	298	342	197	84	464			6075:00	697	1,623	42.95	230	634	36.28	307	410	74.88	1,931	64.37	271	831	1,102	36.73	365	415	174	65	553		
505	Northern Ky.	6800:00	911	1,973	46.17	299	833	35.89	493	729	67.63	2,614	76.88	377	901	1,278	37.59	475	460	197	93	607			6800:00	899	2,033	44.22	228	682	33.43	423	605	69.92	2,449	72.03	316	809	1,125	33.09	408	419	204	140	632		
502	Northern Colo.	5650:00	705	1,606	43.90	245	710	34.51	350	577	60.66	2,005	71.61	294	750	1,044	37.29	377	395	140	64	548			5650:00	736	1,629	45.18	219	618	35.44	409	575	71.13	2,100	75.00	248	768	1,016	36.29	347	358	174	102	558		
503	Northern Ill.	6550:00	828	1,891	43.79	161	516	31.20	493	728	67.72	2,310	72.19	401	810	1,211	37.84	347	430	226	80	619			6550:00	777	1,786	43.51	256	738	34.69	451	675	66.81	2,261	70.66	312	797	1,109	34.66	443	478	189	102	659		
500	Northeastern	6276:00	767	1,682	45.60	267	728	36.68	433	636	68.08	2,234	72.06	264	775	1,039	33.52	414	390	170	112	522			6273:00	806	1,773	45.46	235	646	36.38	383	550	69.64	2,230	71.94	286	765	1,051	33.90	424	359	180	111	572		
501	Northern Ariz.	6025:00	720	1,776	40.54	229	711	32.21	406	600	67.67	2,075	69.17	356	776	1,132	37.73	415	435	132	61	551			6025:00	828	1,801	45.97	239	703	34.00	400	583	68.61	2,295	76.50	297	794	1,091	36.37	432	364	206	100	589		
630	San Jose St.	5826:00	754	1,699	44.38	193	555	34.77	430	616	69.81	2,131	73.48	277	704	981	33.83	406	380	184	121	568			5826:00	743	1,629	45.61	181	534	33.90	488	652	74.85	2,155	74.31	243	754	997	34.38	369	406	172	88	564		
631	Santa Clara	6700:00	778	1,784	43.61	318	832	38.22	330	451	73.17	2,204	66.79	203	778	981	29.73	464	341	170	65	617			6700:00	769	1,703	45.16	211	560	37.68	409	596	68.62	2,158	65.39	256	859	1,115	33.79	416	410	127	91	548		
632	Savannah St.	5825:00	833	2,030	41.03	392	1,182	33.16	427	659	64.80	2,485	85.69	358	811	1,169	40.31	501	431	226	94	571			5825:00	960	2,123	45.22	307	926	33.15	438	653	67.08	2,665	91.90	459	952	1,411	48.66	585	461	184	132	584		
469	New Hampshire	6500:00	783	1,787	43.82	256	727	35.21	455	628	72.45	2,277	71.16	324	903	1,227	38.34	398	401	129	59	506			6501:00	787	1,848	42.59	214	665	32.18	330	524	62.98	2,118	66.19	251	782	1,033	32.28	357	336	197	94	589		
635	Seton Hall	5875:00	772	1,713	45.07	178	533	33.40	419	664	63.10	2,141	73.83	382	770	1,152	39.72	362	395	205	70	547			5875:00	718	1,653	43.44	187	551	33.94	428	600	71.33	2,051	70.72	264	704	968	33.38	359	362	200	94	577		
465	UNLV	6050:00	710	1,783	39.82	205	630	32.54	466	664	70.18	2,091	69.70	348	785	1,133	37.77	393	382	178	79	503			6050:00	835	1,835	45.50	246	644	38.20	355	520	68.27	2,271	75.70	298	836	1,134	37.80	420	347	180	131	618		
464	Omaha	6075:00	836	1,850	45.19	282	717	39.33	564	751	75.10	2,518	83.93	320	754	1,074	35.80	424	420	239	100	578			6075:00	893	1,910	46.75	277	737	37.58	469	633	74.09	2,532	84.40	346	785	1,131	37.70	477	446	203	122	641		
466	Nevada	6025:00	798	1,778	44.88	274	709	38.65	519	743	69.85	2,389	79.63	336	826	1,162	38.73	487	339	163	133	508			6025:00	790	1,849	42.73	193	641	30.11	355	521	68.14	2,128	70.93	304	760	1,064	35.47	412	346	171	70	629		
460	UNCW	6825:00	1,046	2,170	48.20	326	891	36.59	478	691	69.18	2,896	85.18	408	813	1,221	35.91	550	354	232	117	679			6825:00	912	1,912	47.70	185	551	33.58	539	753	71.58	2,548	74.94	316	835	1,151	33.85	424	498	166	92	645		
463	Nebraska	6075:00	767	1,830	41.91	171	536	31.90	396	558	70.97	2,101	70.03	394	752	1,146	38.20	347	403	204	113	554			6075:00	781	1,745	44.76	233	583	39.97	393	567	69.31	2,188	72.93	312	767	1,079	35.97	400	408	190	138	550		
169	Creighton	6000:00	943	1,838	51.31	266	652	40.80	352	515	68.35	2,504	83.47	247	809	1,056	35.20	526	366	186	91	482			6000:00	802	1,855	43.23	219	669	32.74	347	512	67.77	2,170	72.33	338	745	1,083	36.10	382	418	196	86	529		
164	UConn	6050:00	710	1,655	42.90	202	579	34.89	376	539	69.76	1,998	66.60	306	795	1,101	36.70	404	364	131	161	510			6050:00	686	1,751	39.18	235	706	33.29	370	535	69.16	1,977	65.90	345	720	1,065	35.50	369	315	181	87	486		
165	Coppin St.	6450:00	705	1,846	38.19	225	708	31.78	484	745	64.97	2,119	66.22	367	748	1,115	34.84	335	440	182	72	664			6450:00	872	1,856	46.98	256	732	34.97	521	747	69.75	2,521	78.78	367	924	1,291	40.34	460	433	186	109	658		
167	Cornell	5825:00	746	1,648	45.27	244	720	33.89	338	484	69.83	2,074	71.52	219	756	975	33.62	420	419	150	78	529			5825:00	807	1,768	45.64	214	605	35.37	410	556	73.74	2,238	77.17	277	754	1,031	35.55	409	323	220	101	485		
1104	Grand Canyon	6050:00	775	1,760	44.03	198	601	32.95	476	714	66.67	2,224	74.13	323	798	1,121	37.37	412	384	223	76	524			6050:00	744	1,749	42.54	201	610	32.95	362	525	68.95	2,051	68.37	301	784	1,085	36.17	369	450	196	93	638		
2743	Incarnate Word	5825:00	736	1,617	45.52	233	601	38.77	507	731	69.36	2,212	76.28	229	721	950	32.76	362	391	168	136	583			5825:00	829	1,798	46.11	165	486	33.95	497	684	72.66	2,320	80.00	345	783	1,128	38.90	396	363	201	107	583		
9	UAB	6250:00	785	1,687	46.53	189	542	34.87	479	647	74.03	2,238	72.19	300	814	1,114	35.94	475	421	149	152	492			6244:00	790	1,836	43.03	234	695	33.67	360	523	68.83	2,174	70.13	322	685	1,007	32.48	398	360	202	97	560		
28600	Lipscomb	6624:00	939	1,978	47.47	340	928	36.64	586	811	72.26	2,804	84.97	340	874	1,214	36.79	599	500	218	104	702			6625:00	872	1,967	44.33	243	699	34.76	575	828	69.44	2,562	77.64	361	810	1,171	35.48	432	514	224	106	735		
676	SFA	5849:00	697	1,558	44.74	174	540	32.22	463	647	71.56	2,031	70.03	332	669	1,001	34.52	367	508	208	94	638			5850:00	681	1,491	45.67	179	497	36.02	465	688	67.59	2,006	69.17	266	634	900	31.03	353	490	207	92	597		
646	South Ala.	5900:00	726	1,702	42.66	201	634	31.70	434	657	66.06	2,089	72.03	306	711	1,017	35.07	374	382	216	102	600			5900:00	723	1,650	43.82	209	633	33.02	455	654	69.57	2,110	72.76	323	788	1,111	38.31	390	469	161	94	592		
355	Liberty	6474:00	708	1,636	43.28	290	812	35.71	418	566	73.85	2,124	66.38	163	758	921	28.78	411	336	209	64	612			6474:00	675	1,565	43.13	216	650	33.23	452	637	70.96	2,018	63.06	240	844	1,084	33.88	341	454	148	80	561		
352	Lehigh	6025:00	801	1,658	48.31	257	648	39.66	417	535	77.94	2,276	75.87	216	804	1,020	34.00	447	423	201	89	505			6025:00	752	1,729	43.49	230	665	34.59	358	491	72.91	2,092	69.73	244	693	937	31.23	396	396	192	73	531		
768	West Virginia	6125:00	889	1,916	46.40	225	628	35.83	509	745	68.32	2,512	83.73	432	673	1,105	36.83	510	368	328	134	627			6125:00	666	1,569	42.45	198	562	35.23	466	684	68.13	1,996	66.53	338	705	1,043	34.77	364	643	164	112	650		
769	Western Caro.	6400:00	719	1,844	38.99	182	592	30.74	345	528	65.34	1,965	61.41	397	762	1,159	36.22	364	516	199	75	662			6400:00	770	1,730	44.51	248	699	35.48	557	794	70.15	2,347	73.34	308	829	1,137	35.53	457	431	268	127	537		
219	Evansville	6676:00	800	1,762	45.40	127	347	36.60	561	787	71.28	2,288	69.33	298	838	1,136	34.42	442	389	172	99	660			6675:00	758	1,800	42.11	242	714	33.89	503	712	70.65	2,261	68.52	316	795	1,111	33.67	420	419	181	155	683		
288	Houston	6025:00	797	1,780	44.78	255	647	39.41	369	517	71.37	2,218	73.93	344	729	1,073	35.77	382	300	160	106	564			6025:00	654	1,621	40.35	201	623	32.26	416	581	71.60	1,925	64.17	329	720	1,049	34.97	338	414	144	88	542		
283	Hofstra	6450:00	846	1,908	44.34	291	792	36.74	490	716	68.44	2,473	77.28	371	789	1,160	36.25	419	341	142	82	545			6450:00	904	1,955	46.24	242	661	36.61	404	558	72.40	2,454	76.69	331	818	1,149	35.91	471	339	163	93	645		
285	Holy Cross	6427:00	663	1,551	42.75	236	685	34.45	370	534	69.29	1,932	60.38	189	622	811	25.34	431	351	302	76	516			6424:00	702	1,551	45.26	248	724	34.25	336	471	71.34	1,988	62.12	298	786	1,084	33.88	457	508	153	93	554		
287	Houston Baptist	5599:00	791	1,738	45.51	173	516	33.53	467	665	70.23	2,222	79.36	386	704	1,090	38.93	411	382	180	74	553			5600:00	752	1,648	45.63	211	594	35.52	450	615	73.17	2,165	77.32	266	648	914	32.64	398	385	201	95	566		
678	Stetson	6426:00	886	2,007	44.15	261	770	33.90	438	665	65.86	2,471	77.22	274	854	1,128	35.25	436	362	155	71	608			6425:00	964	2,122	45.43	267	769	34.72	459	660	69.55	2,654	82.94	403	976	1,379	43.09	485	370	164	123	613		
1092	Gardner-Webb	6725:00	913	1,905	47.93	209	552	37.86	511	819	62.39	2,546	77.15	372	887	1,259	38.15	486	474	291	118	670			6725:00	787	1,886	41.73	230	671	34.28	515	748	68.85	2,319	70.27	334	793	1,127	34.15	448	496	216	120	676		
674	Stanford	6000:00	738	1,680	43.93	147	461	31.89	451	662	68.13	2,074	69.13	306	731	1,037	34.57	398	391	202	78	584			6000:00	718	1,632	44.00	248	654	37.92	422	615	68.62	2,106	70.20	272	723	995	33.17	428	431	186	109	573		
1157	Kennesaw St.	6400:00	892	1,932	46.17	206	495	41.62	411	595	69.08	2,401	75.03	358	789	1,147	35.84	507	431	163	95	613			6400:00	885	1,877	47.15	220	590	37.29	466	689	67.63	2,456	76.75	316	784	1,100	34.38	390	399	212	97	585		
670	Texas St.	5875:00	712	1,592	44.72	179	539	33.21	357	554	64.44	1,960	67.59	282	693	975	33.62	424	337	191	119	523			5875:00	640	1,526	41.94	177	541	32.72	398	555	71.71	1,855	63.97	284	696	980	33.79	299	404	160	113	533		
671	Louisiana	6226:00	900	1,915	47.00	222	631	35.18	528	770	68.57	2,550	82.26	422	769	1,191	38.42	450	417	219	84	581			6225:00	850	1,799	47.25	222	614	36.16	439	633	69.35	2,361	76.16	273	709	982	31.68	389	468	192	103	638		
261	Grambling	6100:00	764	1,772	43.12	171	540	31.67	446	677	65.88	2,145	71.50	367	646	1,013	33.77	332	415	266	68	595			6102:00	773	1,615	47.86	226	609	37.11	444	658	67.48	2,216	73.87	323	786	1,109	36.97	427	525	178	107	598		
260	Gonzaga	6400:00	975	1,881	51.83	237	624	37.98	530	720	73.61	2,717	84.91	305	991	1,296	40.50	514	364	225	142	531			6400:00	720	1,957	36.79	184	623	29.53	338	516	65.50	1,962	61.31	341	701	1,042	32.56	308	399	168	82	629		
51	Baylor	6201:00	813	1,723	47.19	209	584	35.79	428	594	72.05	2,263	73.00	396	785	1,181	38.10	484	416	157	152	545			6199:00	690	1,747	39.50	191	609	31.36	366	513	71.35	1,937	62.48	325	582	907	29.26	404	347	166	108	576		
536	UTRGV	6300:00	846	1,983	42.66	265	792	33.46	470	649	72.42	2,427	78.29	370	762	1,132	36.52	474	491	241	80	746			6300:00	860	1,817	47.33	232	635	36.54	631	925	68.22	2,583	83.32	355	865	1,220	39.35	525	505	226	80	589		
534	Pacific	6626:00	784	1,940	40.41	185	560	33.04	453	671	67.51	2,206	66.85	385	839	1,224	37.09	396	386	140	63	690			6626:00	800	1,782	44.89	259	734	35.29	512	736	69.57	2,371	71.85	269	890	1,159	35.12	481	383	168	140	642		
539	Penn St.	6300:00	785	1,881	41.73	219	646	33.90	451	609	74.06	2,240	72.26	311	784	1,095	35.32	433	405	219	169	567			6300:00	802	1,857	43.19	228	632	36.08	423	592	71.45	2,255	72.74	343	853	1,196	38.58	416	466	205	126	564		
1320	Presbyterian	6026:00	667	1,618	41.22	181	523	34.61	321	468	68.59	1,836	61.20	300	679	979	32.63	364	451	143	72	519			6025:00	766	1,674	45.76	285	734	38.83	428	607	70.51	2,245	74.83	324	729	1,053	35.10	429	348	251	112	507		
115	Campbell	6849:00	824	1,817	45.35	262	717	36.54	508	677	75.04	2,418	71.12	266	849	1,115	32.79	387	445	227	132	615			6850:00	822	1,876	43.82	224	656	34.15	523	733	71.35	2,391	70.32	321	824	1,145	33.68	424	413	237	83	589		
116	Canisius	6650:00	910	2,003	45.43	304	812	37.44	467	636	73.43	2,591	78.52	358	736	1,094	33.15	579	436	223	63	644			6650:00	931	1,921	48.46	226	654	34.56	476	651	73.12	2,564	77.70	352	818	1,170	35.45	451	497	186	108	633		
111	UC Riverside	5425:00	632	1,537	41.12	158	504	31.35	325	467	69.59	1,747	64.70	258	674	932	34.52	310	378	179	76	535			5425:00	652	1,542	42.28	216	619	34.89	375	523	71.70	1,895	70.19	274	701	975	36.11	382	363	156	79	484		
110	UCLA	6200:00	1,061	2,017	52.60	314	757	41.48	395	537	73.56	2,831	91.32	304	914	1,218	39.29	674	354	197	166	499			6200:00	860	2,061	41.73	265	739	35.86	341	506	67.39	2,326	75.03	362	722	1,084	34.97	402	377	202	55	532		
428	Minnesota	6350:00	811	1,868	43.42	196	565	34.69	526	748	70.32	2,344	75.61	347	896	1,243	40.10	471	365	182	218	523			6350:00	781	1,972	39.60	199	646	30.80	377	557	67.68	2,138	68.97	383	827	1,210	39.03	416	401	179	115	638		
308	Fort Wayne	6300:00	998	2,008	49.70	333	819	40.66	390	531	73.45	2,719	87.71	322	848	1,170	37.74	543	422	246	122	559			6300:00	841	1,898	44.31	310	804	38.56	452	604	74.83	2,444	78.84	263	747	1,010	32.58	460	444	189	80	527		
301	Illinois	6225:00	803	1,790	44.86	234	635	36.85	402	584	68.84	2,242	72.32	309	779	1,088	35.10	417	383	168	72	568			6225:00	776	1,787	43.42	220	646	34.06	389	539	72.17	2,161	69.71	283	748	1,031	33.26	353	392	159	92	591		
302	Ill.-Chicago	6675:00	859	1,942	44.23	244	670	36.42	558	785	71.08	2,520	76.36	387	922	1,309	39.67	465	531	175	170	624			6675:00	901	2,120	42.50	226	620	36.45	497	680	73.09	2,525	76.52	390	806	1,196	36.24	462	413	239	130	680		
305	Indiana St.	6375:00	762	1,832	41.59	254	725	35.03	392	576	68.06	2,170	70.00	263	847	1,110	35.81	417	396	204	127	660			6375:00	758	1,808	41.92	209	560	37.32	530	766	69.19	2,255	72.74	344	924	1,268	40.90	369	400	173	128	547		
306	Indiana	6350:00	879	1,832	47.98	269	715	37.62	466	637	73.16	2,493	80.42	385	832	1,217	39.26	447	472	197	141	633			6350:00	784	1,843	42.54	207	625	33.12	498	701	71.04	2,273	73.32	331	653	984	31.74	361	351	192	127	612		
2678	Ark.-Pine Bluff	6324:00	672	1,675	40.12	198	600	33.00	358	555	64.50	1,900	61.29	327	663	990	31.94	326	558	266	88	698			6325:00	703	1,574	44.66	201	636	31.60	625	890	70.22	2,232	72.00	348	768	1,116	36.00	421	517	296	93	507		
756	Washington	6026:00	846	1,898	44.57	218	621	35.10	385	591	65.14	2,295	76.50	394	731	1,125	37.50	393	408	185	166	608			6025:00	873	1,867	46.76	232	575	40.35	457	640	71.41	2,435	81.17	333	729	1,062	35.40	456	364	204	115	555		
754	Washington St.	6025:00	776	1,683	46.11	202	560	36.07	362	476	76.05	2,116	70.53	191	771	962	32.07	436	378	129	84	482			6025:00	858	1,863	46.05	241	683	35.29	346	501	69.06	2,303	76.77	310	776	1,086	36.20	437	304	171	85	497		
562	Quinnipiac	6250:00	848	2,008	42.23	228	700	32.57	453	663	68.33	2,377	76.68	432	791	1,223	39.45	447	448	178	111	608			6250:00	899	1,936	46.44	239	629	38.00	546	739	73.88	2,583	83.32	342	836	1,178	38.00	497	394	242	106	617		
758	Weber St.	5675:00	756	1,551	48.74	256	619	41.36	456	622	73.31	2,226	79.50	200	704	904	32.29	373	320	149	98	492			5675:00	767	1,697	45.20	162	446	36.32	349	476	73.32	2,045	73.04	305	689	994	35.50	344	346	128	57	571		
229	Fla. Atlantic	5875:00	728	1,764	41.27	197	622	31.67	381	537	70.95	2,034	70.14	299	720	1,019	35.14	355	338	165	90	550			5875:00	771	1,706	45.19	177	484	36.57	413	596	69.30	2,132	73.52	316	817	1,133	39.07	323	376	175	86	502		
228	Florida A&M	5875:00	737	1,749	42.14	183	524	34.92	418	638	65.52	2,075	71.55	295	720	1,015	35.00	369	392	189	98	546			5875:00	810	1,778	45.56	257	720	35.69	406	606	67.00	2,283	78.72	366	845	1,211	41.76	416	408	198	83	573		
222	Fairleigh Dickinson	6025:00	754	1,713	44.02	201	606	33.17	474	620	76.45	2,183	72.77	291	698	989	32.97	366	399	189	78	637			6025:00	769	1,704	45.13	202	591	34.18	510	734	69.48	2,250	75.00	350	755	1,105	36.83	437	410	185	76	563		
220	Fairfield	6050:00	789	1,788	44.13	249	743	33.51	341	500	68.20	2,168	72.27	264	817	1,081	36.03	444	403	161	90	550			6051:00	799	1,829	43.69	198	605	32.73	395	588	67.18	2,191	73.03	322	823	1,145	38.17	368	378	193	76	521		
726	Navy	6225:00	714	1,675	42.63	204	654	31.19	379	594	63.80	2,011	64.87	403	694	1,097	35.39	426	454	217	65	570			6225:00	686	1,512	45.37	221	613	36.05	392	573	68.41	1,985	64.03	240	688	928	29.94	405	480	237	88	588		
725	Army West Point	6475:00	842	1,908	44.13	291	825	35.27	349	533	65.48	2,324	72.62	317	896	1,213	37.91	519	483	178	61	621			6475:00	839	1,907	44.00	220	666	33.03	442	641	68.95	2,340	73.12	276	850	1,126	35.19	434	407	238	124	547		
721	Air Force	6077:00	752	1,713	43.90	243	657	36.99	456	639	71.36	2,203	73.43	286	775	1,061	35.37	456	360	175	55	549			6071:00	775	1,714	45.22	282	789	35.74	398	564	70.57	2,230	74.33	254	776	1,030	34.33	462	364	176	106	621		
153	Colgate	6525:00	745	1,693	44.00	271	732	37.02	384	567	67.72	2,145	67.03	263	774	1,037	32.41	414	470	164	82	603			6525:00	782	1,732	45.15	252	672	37.50	457	660	69.24	2,273	71.03	265	785	1,050	32.81	419	378	239	100	560		
606	Saint Joseph's	5850:00	711	1,689	42.10	163	502	32.47	444	687	64.63	2,029	69.97	327	725	1,052	36.28	329	350	144	102	510			5850:00	737	1,694	43.51	269	755	35.63	392	534	73.41	2,135	73.62	272	770	1,042	35.93	427	368	168	76	598		
600	Saint Francis (PA)	6277:00	856	1,839	46.55	249	639	38.97	398	564	70.57	2,359	76.10	333	805	1,138	36.71	427	459	210	126	502			6275:00	842	1,965	42.85	286	773	37.00	329	461	71.37	2,299	74.16	386	745	1,131	36.48	453	424	208	106	538		
603	St. John's (NY)	6200:00	816	1,882	43.36	264	721	36.62	497	683	72.77	2,393	77.19	317	758	1,075	34.68	419	411	214	187	648			6200:00	841	1,846	45.56	229	614	37.30	506	722	70.08	2,417	77.97	372	837	1,209	39.00	460	481	197	101	646		
156	Colorado St.	6201:00	752	1,769	42.51	215	621	34.62	525	717	73.22	2,244	72.39	358	834	1,192	38.45	342	346	183	114	541			6201:00	737	1,825	40.38	234	735	31.84	387	569	68.01	2,095	67.58	342	762	1,104	35.61	362	363	171	98	632		
158	Columbia	5451:00	700	1,604	43.64	211	587	35.95	329	465	70.75	1,940	71.85	273	673	946	35.04	422	347	192	81	506			5450:00	673	1,552	43.36	251	695	36.12	367	536	68.47	1,964	72.74	302	698	1,000	37.04	421	387	159	98	485		
609	Saint Louis	6250:00	653	1,628	40.11	219	637	34.38	383	575	66.61	1,908	61.55	262	766	1,028	33.16	395	414	158	85	608			6250:00	741	1,680	44.11	226	633	35.70	456	656	69.51	2,164	69.81	288	825	1,113	35.90	470	347	197	120	574		
749	Wake Forest	6000:00	842	1,790	47.04	240	627	38.28	539	700	77.00	2,463	82.10	324	781	1,105	36.83	471	356	163	113	597			6000:00	802	1,777	45.13	248	696	35.63	464	643	72.16	2,316	77.20	292	715	1,007	33.57	424	351	181	115	629		
48	Charleston So.	6275:00	824	1,868	44.11	228	669	34.08	428	643	66.56	2,304	74.32	336	756	1,092	35.23	341	358	176	89	621			6275:00	795	1,725	46.09	238	663	35.90	515	699	73.68	2,343	75.58	267	821	1,088	35.10	429	391	155	113	552		
47	Ball St.	6300:00	854	1,834	46.56	284	750	37.87	469	649	72.27	2,461	79.39	314	856	1,170	37.74	486	458	185	114	612			6300:00	795	1,909	41.64	243	685	35.47	509	701	72.61	2,342	75.55	353	755	1,108	35.74	372	400	234	104	609		
43	Austin Peay	6075:00	806	1,718	46.92	227	640	35.47	492	695	70.79	2,331	77.70	245	668	913	30.43	324	373	171	73	547			6075:00	922	1,877	49.12	264	714	36.97	407	558	72.94	2,515	83.83	364	758	1,122	37.40	473	407	167	85	616		
5	Akron	6200:00	825	1,752	47.09	324	857	37.81	433	635	68.19	2,407	77.65	307	769	1,076	34.71	459	361	167	101	565			6200:00	783	1,775	44.11	210	580	36.21	412	591	69.71	2,188	70.58	305	710	1,015	32.74	342	353	180	57	586		
639	Siena	5800:00	757	1,683	44.98	143	451	31.71	486	683	71.16	2,143	73.90	354	724	1,078	37.17	389	399	172	119	576			5799:00	769	1,722	44.66	184	548	33.58	440	619	71.08	2,162	74.55	314	678	992	34.21	374	356	180	110	603		
28755	FGCU	6650:00	978	1,949	50.18	213	608	35.03	452	644	70.19	2,621	79.42	372	871	1,243	37.67	509	410	202	115	613			6650:00	800	1,900	42.11	230	744	30.91	440	643	68.43	2,270	68.79	343	696	1,039	31.48	396	426	200	88	587		
1356	Seattle U	5925:00	691	1,590	43.46	254	735	34.56	402	565	71.15	2,038	70.28	220	765	985	33.97	466	423	190	61	544			5925:00	709	1,754	40.42	243	759	32.02	415	571	72.68	2,076	71.59	334	757	1,091	37.62	461	396	212	99	566		
489	N.C. Central	6000:00	802	1,756	45.67	232	685	33.87	404	595	67.90	2,240	74.67	350	805	1,155	38.50	422	372	177	105	535			6000:00	706	1,781	39.64	189	639	29.58	323	512	63.09	1,924	64.13	375	706	1,081	36.03	320	409	141	83	534		
488	N.C. A&T	6299:00	706	1,665	42.40	194	587	33.05	385	566	68.02	1,991	64.23	339	729	1,068	34.45	340	456	143	68	609			6300:00	792	1,787	44.32	283	748	37.83	493	683	72.18	2,360	76.13	361	721	1,082	34.90	509	306	182	123	523		
485	Norfolk St.	6075:00	730	1,725	42.32	197	591	33.33	433	639	67.76	2,090	69.67	315	827	1,142	38.07	324	440	157	164	631			6075:00	723	1,786	40.48	231	697	33.14	472	722	65.37	2,149	71.63	348	766	1,114	37.13	414	376	173	114	583		
483	Nicholls St.	6275:00	771	1,806	42.69	278	805	34.53	496	671	73.92	2,316	74.71	303	716	1,019	32.87	430	451	234	190	599			6273:00	882	1,883	46.84	258	649	39.75	442	645	68.53	2,464	79.48	402	832	1,234	39.81	506	475	195	113	611		
482	Niagara	6674:00	846	2,035	41.57	244	667	36.58	512	683	74.96	2,448	74.18	389	872	1,261	38.21	416	428	172	152	604			6675:00	921	2,090	44.07	268	733	36.56	469	643	72.94	2,579	78.15	386	885	1,271	38.52	509	383	195	135	635		
472	New Mexico St.	6025:00	822	1,760	46.70	224	667	33.58	522	731	71.41	2,390	79.67	397	805	1,202	40.07	454	404	137	110	557			6026:00	730	1,740	41.95	171	581	29.43	415	615	67.48	2,046	68.20	324	661	985	32.83	322	409	152	55	644		
473	New Mexico	6025:00	756	1,639	46.13	141	431	32.71	570	758	75.20	2,223	74.10	264	770	1,034	34.47	405	392	184	106	596			6025:00	745	1,714	43.47	253	684	36.99	445	649	68.57	2,188	72.93	301	714	1,015	33.83	426	405	228	99	626		
471	NJIT	6226:00	786	1,857	42.33	258	775	33.29	421	599	70.28	2,253	72.68	357	777	1,134	36.58	395	436	203	89	599			6225:00	814	1,773	45.91	254	677	37.52	438	623	70.30	2,320	74.84	257	788	1,045	33.71	439	416	196	89	585		
474	New Orleans	5875:00	752	1,594	47.18	132	404	32.67	486	680	71.47	2,122	73.17	350	693	1,043	35.97	467	496	224	92	511			5876:00	722	1,640	44.02	185	598	30.94	391	570	68.60	2,020	69.66	324	604	928	32.00	367	475	253	94	629		
