"","team_id","team_name","team_minutes","team_fgm","team_fga","team_fgpct","team_three_fgm","team_three_fga","team_three_fgpct","team_ft","team_fta","team_ftpct","team_pts","team_ptsavg","team_offreb","team_defreb","team_totreb","team_rebavg","team_ast","team_to","team_stl","team_blk","team_fouls","team_dbldbl","team_trpdbl","opp_team_minutes","opp_team_fgm","opp_team_fga","opp_team_fgpct","opp_team_three_fgm","opp_team_three_fga","opp_team_three_fgpct","opp_team_ft","opp_team_fta","opp_team_ftpct","opp_team_pts","opp_team_ptsavg","opp_team_offreb","opp_team_defreb","opp_team_totreb","opp_team_rebavg","opp_team_ast","opp_team_to","opp_team_stl","opp_team_blk","opp_team_fouls","opp_team_dbldbl","opp_team_trpdbl","team_ast_to","team_home_avg_ptsdiff","team_away_avg_ptsdiff","team_avg_ptsdiff","team_home_wins","team_home_losses","team_away_wins","team_away_losses","team_wins","team_losses","winpct","C_points","F_points","G_points","Jr","C_avg_height","F_avg_height","G_avg_height","opp_home_avg_ptsdiff","opp_home_wins","opp_home_losses","opp_away_avg_ptsdiff","opp_away_wins","opp_away_losses","opp_avg_ptsdiff","opp_wins","opp_losses"
"1","2","Florida St.",6899.98333333333,879,1984,44.3,255,760,33.55,534,721,74.06,2547,74.91,389,882,1271,37.38,438,459,237,145,651,9,34,828763,774,1891,40.93,239,734,32.56,495,683,72.47,2282,67.12,325,787,1112,32.71,342,486,187,102,631,9,0,0.954248366013072,10.5714285714286,3.30769230769231,6.93956043956044,19,2,8,5,27,7,0.794117647058823,224,750,1573,0,88,79.8333333333333,76.2222222222222,-19.7,15,2,-2.73333333333333,11,4,-12.3,26,6
"2","5","UNCW",6674.98333333333,880,1986,44.31,260,744,34.95,493,673,73.25,2515,76.21,393,829,1222,37.03,495,437,150,68,585,18,33,801000,938,1984,47.28,330,854,38.64,464,634,73.19,2670,80.91,303,808,1111,33.67,455,343,210,77,602,18,0,1.13272311212815,0.125,-9.23529411764706,-4.55514705882353,6,10,4,13,10,23,0.303030303030303,0,1069,1444,0,84,79.75,75,-13.5588235294118,15,3,4.46428571428571,2,13,-7.20833333333333,17,16
"3","6","Nebraska",6824.98333333333,862,2016,42.76,258,762,33.86,452,650,69.54,2434,71.59,357,847,1204,35.41,431,330,249,147,548,28,34,819000,820,1966,41.71,215,658,32.67,402,572,70.28,2257,66.38,396,902,1298,38.18,389,454,167,126,593,28,0,1.30606060606061,13.4,-6.5,3.45,14,6,4,10,18,16,0.529411764705882,0,814,1620,0,0,81,75.625,3.81818181818182,4,7,15,1,19,13.195652173913,5,26
"4","7","UNLV",6249.98333333333,791,1852,42.71,251,745,33.69,443,647,68.47,2276,73.42,411,792,1203,38.81,399,402,184,115,556,20,31,749914,813,1810,44.92,220,617,35.66,396,572,69.23,2242,72.32,303,747,1050,33.87,402,381,196,76,585,20,0,0.992537313432836,4.44444444444444,-3.53846153846154,0.452991452991453,11,7,6,7,17,14,0.548387096774194,0,964,1312,0,0,80.125,75.1666666666667,-8.58333333333333,8,4,NA,4,13,NA,12,17
"5","8","Omaha",6447.98333333333,950,1998,47.55,282,719,39.22,341,473,72.09,2523,78.84,273,774,1047,32.72,409,304,180,61,486,6,32,773880,890,1896,46.94,302,834,36.21,372,499,74.55,2454,76.69,260,823,1083,33.84,432,389,148,110,493,6,0,1.34539473684211,7.8,-2.82352941176471,2.48823529411765,12,3,9,8,21,11,0.65625,85,916,1522,0,81,80.75,73.5714285714286,-6.6875,12,4,4.5625,6,10,-2.14,18,14
"6","9","Nevada",6600,905,1944,46.55,292,831,35.14,560,791,70.8,2662,80.67,307,926,1233,37.36,494,338,204,129,563,5,33,791939,791,1933,40.92,258,773,33.38,358,533,67.17,2200,66.67,303,852,1155,35,412,451,150,80,698,5,0,1.46153846153846,18.8947368421053,7.35714285714286,13.1259398496241,18,1,11,3,29,4,0.878787878787879,0,2193,469,0,0,80.3333333333333,74.2,NA,13,6,1.75,7,7,NA,20,13
"7","14","SIUE",6399.98333333333,794,1898,41.83,201,665,30.23,476,677,70.31,2265,73.06,351,731,1082,34.9,382,438,198,70,612,20,31,768000,893,1814,49.23,249,675,36.89,485,691,70.19,2520,81.29,288,874,1162,37.48,469,441,222,93,592,20,0,0.872146118721461,-2.47058823529412,-15.2142857142857,-8.84243697478992,8,9,2,12,10,21,0.32258064516129,23,667,1575,0,82,79,72.8888888888889,1.21428571428571,6,8,3.34375,5,12,2.02272727272727,11,20
"8","17","Southern Miss.",6449.98333333333,877,1876,46.75,265,683,38.8,307,469,65.46,2326,72.69,274,877,1151,35.97,540,338,248,109,496,3,32,774120,727,1822,39.9,278,845,32.9,336,524,64.12,2068,64.62,324,816,1140,35.62,390,426,176,92,466,3,0,1.59763313609467,16.0625,0.0625,8.0625,12,4,8,8,20,12,0.625,18,515,1793,0,48,79.5,74.6,-4.52272727272727,10,4,NA,0,16,NA,10,20
"9","23","LSU",6575,912,1975,46.18,219,678,32.3,561,744,75.4,2604,81.38,432,809,1241,38.78,420,423,291,138,598,1,32,789000,821,1884,43.58,251,736,34.1,444,645,68.84,2337,73.03,353,725,1078,33.69,363,480,210,95,631,1,0,0.99290780141844,10.5,4.33333333333333,7.41666666666667,14,4,10,2,24,6,0.8,0,1067,1537,0,0,80.25,75.1428571428571,-5.21428571428571,8,7,-1.06666666666667,7,8,-3.65,15,15
"10","27","William & Mary",6324.98333333333,841,1773,47.43,254,735,34.56,385,576,66.84,2321,74.87,256,803,1059,34.16,529,392,158,146,517,21,31,758939,852,1862,45.76,255,682,37.39,426,559,76.21,2385,76.94,281,779,1060,34.19,413,339,209,83,519,21,0,1.34948979591837,2.85714285714286,-6.1875,-1.66517857142857,9,5,5,11,14,16,0.466666666666667,0,1237,1084,0,0,79.5,76.125,-8.4,9,6,6.36666666666667,2,14,-1.49275362318841,11,20
"11","28","Wichita St.",6625,828,2037,40.65,247,797,30.99,430,592,72.64,2333,70.7,412,835,1247,37.79,452,393,158,111,638,23,33,795000,774,1839,42.09,231,684,33.77,504,733,68.76,2283,69.18,319,843,1162,35.21,381,415,161,130,563,23,0,1.1501272264631,5.94444444444444,-3.8,1.07222222222222,13,5,6,9,19,14,0.575757575757576,532,647,1154,0,82,78.6666666666667,74,NA,12,4,0.833333333333333,7,5,NA,19,9
"12","29","Rider",6225,847,1893,44.74,222,651,34.1,465,755,61.59,2381,76.81,369,776,1145,36.94,450,416,282,101,592,22,31,747000,814,1774,45.89,276,770,35.84,429,638,67.24,2333,75.26,293,833,1126,36.32,470,528,188,113,644,22,0,1.08173076923077,8.90909090909091,-2.72222222222222,3.09343434343434,9,2,6,12,15,14,0.517241379310345,0,1183,1198,0,0,79.5,75.5714285714286,-8.33333333333333,12,6,NA,5,8,NA,17,14
"13","30","UC Davis",6299.98333333333,735,1673,43.93,203,619,32.79,365,515,70.87,2038,65.74,222,706,928,29.94,375,412,196,71,597,8,31,755939,746,1635,45.63,210,616,34.09,426,622,68.49,2128,68.65,275,794,1069,34.48,390,453,198,99,571,8,0,0.910194174757282,1.35714285714286,-5.8,-2.22142857142857,8,6,3,12,11,18,0.379310344827586,235,306,1497,0,83,80.25,74.25,-3.4,10,5,9.9375,3,14,3.77083333333333,13,19
"14","31","Rice",6524,795,1867,42.58,277,797,34.76,500,729,68.59,2367,73.97,318,906,1224,38.25,425,439,171,104,568,6,32,782905,891,1987,44.84,270,782,34.53,429,596,71.98,2481,77.53,288,874,1162,36.31,463,363,200,108,627,6,0,0.968109339407745,2.13333333333333,-8.93333333333333,-3.4,8,7,4,11,12,18,0.4,0,939,1428,0,0,79.8,76.5,NA,13,5,2.61538461538462,4,9,NA,17,14
"15","32","Rhode Island",6671.2,821,1914,42.89,172,615,27.97,479,704,68.04,2293,69.48,378,816,1194,36.18,401,405,235,129,586,19,33,800939,774,1818,42.57,221,685,32.26,470,649,72.42,2239,67.85,317,823,1140,34.55,407,461,191,115,610,19,0,0.990123456790123,6.6875,-3.11764705882353,1.78492647058824,11,5,7,10,18,15,0.545454545454545,2,821,1470,0,82,79.6,73,NA,7,8,8.2,3,12,NA,10,20
"16","37","Valparaiso",6676.41666666667,802,1783,44.98,185,585,31.62,416,595,69.92,2205,66.82,294,819,1113,33.73,431,436,202,101,546,20,33,800939,788,1822,43.25,214,645,33.18,397,564,70.39,2187,66.27,296,787,1083,32.82,400,420,226,95,555,20,0,0.988532110091743,5.1875,-3.25,0.96875,8,8,7,9,15,17,0.46875,501,437,1267,0,85,78.3333333333333,74.7142857142857,-20.2647058823529,17,2,NA,9,6,NA,26,8
"17","43","Vermont",6650,841,1834,45.86,257,729,35.25,500,665,75.19,2439,73.91,307,854,1161,35.18,390,361,186,133,542,3,33,798000,747,1779,41.99,237,681,34.8,336,464,72.41,2067,62.64,239,772,1011,30.64,347,433,178,90,641,3,0,1.0803324099723,15.8235294117647,5.33333333333333,10.578431372549,15,2,11,4,26,6,0.8125,4,1109,1326,0,84,78.5,75.2857142857143,-21.0357142857143,13,3,0.764705882352941,9,8,-10.231884057971,22,11
"18","47","Texas Southern",6825,943,2096,44.99,248,771,32.17,585,879,66.55,2719,79.97,423,909,1332,39.18,517,519,271,99,609,1,34,818880,961,2130,45.12,269,750,35.87,454,698,65.04,2645,77.79,402,888,1290,37.94,515,522,246,117,718,1,0,0.996146435452794,12.75,-4.7,4.025,10,2,9,11,19,13,0.59375,281,809,1544,0,86,78.5,73.875,-9.21428571428571,7,7,0.676470588235294,9,10,-5.21739130434783,16,17
"19","48","Tennessee Tech",6250.98333333333,742,1784,41.59,213,620,34.35,407,645,63.1,2104,67.87,334,788,1122,36.19,389,517,226,134,557,5,31,749699,840,1904,44.12,235,697,33.72,435,610,71.31,2350,75.81,368,832,1200,38.71,503,450,261,106,572,5,0,0.752417794970986,1,-16.1875,-7.59375,5,9,3,13,8,22,0.266666666666667,302,506,1296,0,80,80.3333333333333,74.7777777777778,-11.625,12,4,4.82142857142857,5,11,-1.64035087719298,17,15
"20","51","Tennessee St.",6051,751,1739,43.19,240,716,33.52,440,628,70.06,2182,72.73,319,713,1032,34.4,342,497,219,78,735,3,30,726419,752,1615,46.56,215,573,37.52,613,859,71.36,2332,77.73,273,761,1034,34.47,344,453,193,110,567,3,0,0.688128772635815,6.66666666666667,-13.5882352941176,-3.46078431372549,5,7,3,14,8,21,0.275862068965517,0,543,1639,0,0,79.4,74.3333333333333,-8.52631578947368,14,6,1,5,7,-6.18939393939394,19,13
"21","61","Florida A&M",6221.06666666667,719,1640,43.84,180,489,36.81,309,503,61.43,1927,62.16,288,707,995,32.1,355,498,226,111,580,8,31,746880,704,1645,42.8,185,612,30.23,464,661,70.2,2057,66.35,335,749,1084,34.97,353,459,212,88,524,8,0,0.71285140562249,3.81818181818182,-8.6,-2.39090909090909,6,5,6,14,12,19,0.387096774193548,169,455,1300,0,84,79.75,74.5,-7.92307692307692,10,4,7.03125,4,13,0.951388888888889,14,17
"22","62","Fairleigh Dickinson",6705.86666666667,876,1834,47.76,254,630,40.32,483,660,73.18,2489,75.42,308,777,1085,32.88,466,445,253,120,554,19,33,803939,846,1913,44.22,253,740,34.19,407,585,69.57,2352,71.27,374,738,1112,33.7,434,486,200,109,593,19,0,1.04719101123596,8.58823529411765,-0.5625,4.01286764705882,13,4,7,9,20,13,0.606060606060606,18,1012,1462,0,83,79.5,74.1428571428571,3.4375,5,11,9,5,12,5.84057971014493,10,23
"23","66","Colgate",6875,930,1939,47.96,305,786,38.8,413,557,74.15,2578,75.82,323,886,1209,35.56,531,443,210,120,532,17,34,824934,854,1969,43.37,268,798,33.58,405,569,71.18,2381,70.03,320,754,1074,31.59,441,414,243,107,569,17,0,1.19864559819413,11.625,1.29411764705882,6.45955882352941,15,1,9,8,24,9,0.727272727272727,465,1019,1094,0,80.5,80,74.6,-9.14705882352941,10,8,2.71428571428571,3,12,-3.49242424242424,13,20
"24","67","Colorado",6624.96666666667,852,1867,45.63,212,654,32.42,523,700,74.71,2439,73.91,339,903,1242,37.64,440,445,170,100,574,24,33,795000,801,1889,42.4,225,709,31.73,401,599,66.94,2228,67.52,280,746,1026,31.09,346,405,233,111,652,24,0,0.98876404494382,11.7058823529412,0.75,6.22794117647059,14,3,7,9,21,12,0.636363636363636,0,622,1817,0,0,80.3333333333333,74.6363636363636,-0.775,12,9,7.5,2,8,1.05769230769231,14,17
"25","68","Colorado St.",6424,866,1818,47.63,259,722,35.87,402,579,69.43,2393,74.78,256,825,1081,33.78,472,372,199,76,523,5,32,770699,864,1898,45.52,278,783,35.5,400,557,71.81,2406,75.19,301,787,1088,34,458,354,186,72,561,5,0,1.26881720430108,3.16666666666667,-5,-0.916666666666667,9,9,3,11,12,20,0.375,514,354,1525,0,83,79.75,74.1111111111111,-2.60714285714286,7,8,2.58823529411765,8,10,-1.13636363636364,15,18
"26","71","Northwestern",6450,735,1828,40.21,233,745,31.28,405,551,73.5,2108,65.88,278,813,1091,34.09,451,351,176,134,583,28,32,773939,743,1770,41.98,166,567,29.28,430,602,71.43,2082,65.06,289,874,1163,36.34,420,386,184,104,547,28,0,1.28490028490028,6.89473684210526,-8.07692307692308,-0.591093117408907,11,8,2,11,13,19,0.40625,517,1018,573,0,81,79.3333333333333,75.6,NA,16,2,2.75,5,10,NA,21,12
"27","72","UNI",6799.98333333333,769,1847,41.64,276,792,34.85,401,537,74.67,2215,65.15,266,847,1113,32.74,370,393,165,75,554,3,34,815819,793,1803,43.98,233,691,33.72,411,571,71.98,2230,65.59,248,867,1115,32.79,388,412,221,81,546,3,0,0.94147582697201,2.5625,-4.17647058823529,-0.806985294117647,10,6,5,12,15,18,0.454545454545455,68,352,1795,0,84,80.25,75.7142857142857,-5.14705882352941,12,6,0.857142857142857,8,8,-2.43939393939394,20,14
"28","77","Northern Ariz.",6249.98333333333,785,1819,43.16,259,749,34.58,433,614,70.52,2262,72.97,292,764,1056,34.06,381,372,196,65,538,3,31,750240,866,1837,47.14,287,801,35.83,383,545,70.28,2402,77.48,274,839,1113,35.9,468,363,171,89,544,3,0,1.0241935483871,-3.07692307692308,-5.55555555555556,-4.31623931623932,5,8,5,13,10,21,0.32258064516129,0,838,1416,0,0,80.25,76,-9.65625,13,4,3.93333333333333,6,9,-4.0625,19,13
"29","80","VMI",6449.98333333333,843,1974,42.71,323,899,35.93,424,581,72.98,2433,76.03,281,829,1110,34.69,442,391,217,61,541,19,32,774000,944,1987,47.51,290,782,37.08,439,618,71.04,2617,81.78,313,930,1243,38.84,492,410,193,119,546,19,0,1.1304347826087,6,-17.5,-5.75,9,7,2,14,11,21,0.34375,223,606,1604,0,80,79,73.4,-11.0666666666667,12,3,0.133333333333333,7,8,-7.21739130434783,19,11
"30","81","Virginia Tech",6450,824,1733,47.55,307,779,39.41,413,545,75.78,2368,74,285,758,1043,32.59,491,364,213,74,489,22,32,774000,690,1701,40.56,283,853,33.18,324,449,72.16,1987,62.09,286,672,958,29.94,389,451,162,93,522,22,0,1.3489010989011,19.2222222222222,3.66666666666667,11.4444444444444,16,2,8,4,24,6,0.8,0,844,1524,0,0,78.6666666666667,75.1428571428571,2.28571428571429,8,6,12.5,2,14,9.41666666666667,10,20
"31","83","Wagner",6024.98333333333,655,1696,38.62,236,773,30.53,428,575,74.43,1974,65.8,380,715,1095,36.5,351,414,184,108,639,10,30,722880,659,1533,42.99,221,635,34.8,505,712,70.93,2044,68.13,276,733,1009,33.63,358,401,177,87,544,10,0,0.847826086956522,2.35714285714286,-6.4375,-2.04017857142857,7,7,6,10,13,17,0.433333333333333,0,519,1455,0,0,78.8,74.25,-7.9,14,3,1.36666666666667,7,9,-2.34920634920635,21,12
"32","86","UNC Asheville",6226,655,1627,40.26,223,687,32.46,324,437,74.14,1857,59.9,298,633,931,30.03,331,457,196,86,535,6,31,747240,810,1702,47.59,271,743,36.47,422,593,71.16,2313,74.61,348,725,1073,34.61,536,367,211,104,462,6,0,0.724288840262582,-6.5,-21.4705882352941,-13.9852941176471,3,11,1,16,4,27,0.129032258064516,0,583,1274,0,0,80,75.25,NA,17,0,NA,13,2,NA,30,2
"33","87","North Carolina",6625,1023,2207,46.35,289,791,36.54,505,681,74.16,2840,86.06,431,1006,1437,43.55,627,431,237,117,566,10,33,795000,854,2067,41.32,289,878,32.92,408,597,68.34,2407,72.94,304,814,1118,33.88,467,466,221,158,589,10,0,1.45475638051044,11.7142857142857,15.5833333333333,13.6488095238095,16,5,11,1,27,6,0.818181818181818,0,1163,1677,0,0,80.5714285714286,76.4444444444444,-7.63157894736842,13,6,6.59090909090909,3,10,-4.38095238095238,16,16
"34","90","American",6100,780,1644,47.45,190,583,32.59,411,589,69.78,2161,72.03,252,762,1014,33.8,402,386,221,131,520,5,30,731699,747,1709,43.71,152,520,29.23,424,595,71.26,2070,69,287,711,998,33.27,375,366,191,98,526,5,0,1.04145077720207,5,1.06666666666667,3.03333333333333,8,7,7,8,15,15,0.5,296,606,1259,0,82,78.5,74.7142857142857,6.28571428571429,5,9,NA,0,14,NA,5,23
"35","94","Radford",6649.98333333333,893,1938,46.08,285,751,37.95,369,515,71.65,2440,73.94,335,834,1169,35.42,467,358,196,101,528,4,33,797939,788,1814,43.44,275,811,33.91,396,544,72.79,2247,68.09,264,786,1050,31.82,395,406,149,104,531,4,0,1.30446927374302,10.1875,1.76470588235294,5.97610294117647,13,3,9,8,22,11,0.666666666666667,0,889,1551,0,0,78.4,73.6666666666667,-6.30769230769231,10,4,6.15625,6,11,-0.0873015873015873,16,15
"36","96","St. Francis Brooklyn",6423.53333333333,814,1926,42.26,259,777,33.33,386,570,67.72,2273,71.03,342,821,1163,36.34,369,403,189,129,614,21,32,770939,778,1813,42.91,181,571,31.7,502,688,72.97,2239,69.97,316,879,1195,37.34,343,441,166,122,576,21,0,0.915632754342432,9.42857142857143,-5.44444444444444,1.99206349206349,11,3,6,12,17,15,0.53125,171,517,1585,0,81,77.75,74,-12.3947368421053,15,5,-5.81818181818182,8,3,-11.1590909090909,23,8
"37","97","Sacred Heart",6425,885,1926,45.95,243,681,35.68,545,722,75.48,2558,79.94,360,871,1231,38.47,471,465,170,133,572,21,32,770781,886,2002,44.26,284,765,37.12,453,624,72.6,2509,78.41,319,771,1090,34.06,453,390,224,124,619,21,0,1.01290322580645,10.2142857142857,-5.47058823529412,2.3718487394958,10,4,5,12,15,16,0.483870967741935,0,796,1762,0,0,80.25,73.8571428571429,NA,9,5,4.64285714285714,5,11,NA,14,16
"38","99","Wofford",6649.98333333333,997,2022,49.31,364,874,41.65,381,545,69.91,2739,83,350,820,1170,35.45,507,363,227,99,558,19,33,798000,772,1810,42.65,236,733,32.2,385,550,70,2165,65.61,253,703,956,28.97,376,462,180,84,512,19,0,1.39669421487603,22.4210526315789,8.46153846153846,15.4412955465587,18,1,10,3,28,4,0.875,142,878,1719,0,83,80,74.5,-5.03846153846154,9,5,NA,5,13,NA,14,18
"39","101","New Mexico St.",6825,937,2041,45.91,319,952,33.51,464,687,67.54,2657,78.15,436,868,1304,38.35,500,403,191,89,613,27,34,818906,763,1825,41.81,240,724,33.15,415,590,70.34,2181,64.15,233,746,979,28.79,294,454,165,64,691,27,0,1.24069478908189,17.2380952380952,9.25,13.2440476190476,19,2,10,2,29,4,0.878787878787879,0,1089,1568,0,0,79.4285714285714,73.875,-0.235294117647059,8,9,6.1,5,11,3.52777777777778,13,20
"40","102","New Mexico",6399.98333333333,814,1929,42.2,292,845,34.56,523,745,70.2,2443,76.34,362,841,1203,37.59,446,456,220,107,629,20,32,767781,869,1925,45.14,230,648,35.49,486,708,68.64,2454,76.69,323,870,1193,37.28,489,438,223,105,653,20,0,0.978070175438597,6.05882352941176,-6.30769230769231,-0.124434389140271,10,7,4,9,14,16,0.466666666666667,0,715,1728,0,0,81,76.375,-5.60714285714286,10,5,4.39285714285714,5,11,-1.96296296296296,15,16
"41","104","NJIT",6650.98333333333,792,1778,44.54,229,664,34.49,497,692,71.82,2310,70,236,875,1111,33.67,354,409,211,90,551,9,33,798120,810,1913,42.34,239,725,32.97,379,566,66.96,2238,67.82,309,853,1162,35.21,418,423,188,114,617,9,0,0.865525672371638,5.30769230769231,-0.105263157894737,2.60121457489879,9,4,11,8,20,12,0.625,0,776,1534,0,0,80.8333333333333,73.125,NA,14,2,-0.285714285714286,8,6,NA,22,8
"42","107","Elon",6449.98333333333,812,1861,43.63,335,942,35.56,307,443,69.3,2266,70.81,268,815,1083,33.84,468,413,135,59,539,5,32,773552,876,1935,45.27,286,770,37.14,407,557,73.07,2445,76.41,311,860,1171,36.59,454,341,219,64,510,5,0,1.13317191283293,-4.64705882352941,-7.76923076923077,-6.20814479638009,5,12,5,8,10,20,0.333333333333333,41,841,1384,0,83,79.4,74.25,5.84210526315789,7,12,12.9166666666667,1,11,7.8695652173913,8,23
"43","108","San Jose St.",6249.56666666667,713,1765,40.4,210,641,32.76,406,620,65.48,2042,65.87,327,803,1130,36.45,423,485,131,52,539,20,31,750000,920,1947,47.25,348,931,37.38,346,530,65.28,2534,81.74,313,833,1146,36.97,542,345,243,91,595,20,0,0.872164948453608,-8.4375,-26,-17.21875,3,13,0,14,3,27,0.1,245,700,1097,0,83,81.3333333333333,76,-1.35714285714286,8,6,NA,3,12,NA,11,18
"44","109","Santa Clara",6275,735,1653,44.46,239,663,36.05,406,567,71.6,2115,68.23,244,783,1027,33.13,416,433,146,111,598,5,31,753000,768,1779,43.17,193,611,31.59,443,629,70.43,2172,70.06,306,753,1059,34.16,414,345,201,82,544,5,0,0.960739030023095,-0.6,-4.09090909090909,-2.34545454545455,9,6,5,6,14,12,0.538461538461538,75,1182,857,0,83,79.8,74.6,-11.5,16,3,NA,13,2,NA,29,5
"45","110","Savannah St.",6225,825,2080,39.66,351,1199,29.27,359,531,67.61,2360,76.13,382,806,1188,38.32,462,478,234,96,564,4,31,746579,955,2063,46.29,302,846,35.7,482,673,71.62,2694,86.9,416,969,1385,44.68,597,464,222,93,495,4,0,0.96652719665272,0.5,-17.8947368421053,-8.69736842105263,6,6,5,14,11,20,0.354838709677419,0,715,1465,0,0,53,74.6666666666667,-6.175,14,7,10.4166666666667,3,9,-1.59027777777778,17,16
"46","111","N.C. Central",6624.98333333333,850,1865,45.58,212,672,31.55,443,620,71.45,2355,71.36,389,844,1233,37.36,509,507,207,91,590,4,33,794939,806,1859,43.36,204,652,31.29,372,558,66.67,2188,66.3,307,712,1019,30.88,430,444,198,120,536,4,0,1.00394477317554,19.8666666666667,-7.27777777777778,6.29444444444444,12,3,6,12,18,15,0.545454545454545,482,546,1327,0,81,79,73.875,NA,7,6,8.14705882352941,3,15,NA,10,21
"47","115","Nicholls St.",6249.98333333333,807,1915,42.14,324,884,36.65,322,418,77.03,2260,72.9,282,759,1041,33.58,428,386,208,128,587,5,31,750120,829,1872,44.28,198,636,31.13,446,634,70.35,2302,74.26,370,869,1239,39.97,458,426,150,101,435,5,0,1.10880829015544,9.38461538461539,-9.11764705882353,0.133484162895928,10,3,4,13,14,16,0.466666666666667,193,323,1744,0,79,80.6666666666667,74.5,NA,12,4,1.67857142857143,7,8,NA,19,12
"48","116","Niagara",6424.98333333333,795,1887,42.13,265,738,35.91,463,629,73.61,2318,72.44,321,822,1143,35.72,343,390,128,127,512,15,32,770939,902,1946,46.35,276,726,38.02,352,492,71.54,2432,76,292,862,1154,36.06,458,365,181,99,576,15,0,0.879487179487179,-0.266666666666667,-7.1875,-3.72708333333333,7,8,5,11,12,19,0.387096774193548,0,1029,1289,0,0,79,73,5.25,6,10,3.25,9,7,5.25757575757576,15,17
"49","127","Bradley",6824.98333333333,790,1822,43.36,231,632,36.55,453,654,69.27,2264,66.59,314,855,1169,34.38,411,431,183,128,596,5,34,819000,756,1838,41.13,241,734,32.83,456,638,71.47,2209,64.97,309,818,1127,33.15,406,425,193,85,631,5,0,0.953596287703016,4.44444444444444,-1.5625,1.44097222222222,12,6,8,8,20,14,0.588235294117647,225,720,1319,0,84,79.25,75,1.92307692307692,5,8,7.61111111111111,6,12,4.5,11,20
"50","128","Cal Poly",5925,706,1715,41.17,225,687,32.75,293,452,64.82,1930,66.55,288,687,975,33.62,301,334,147,99,544,8,29,711000,770,1671,46.08,204,555,36.76,439,625,70.24,2183,75.28,304,804,1108,38.21,417,314,155,102,492,8,0,0.901197604790419,-6.28571428571429,-13.6428571428571,-9.96428571428571,5,9,0,14,5,23,0.178571428571429,0,544,1386,0,0,80.6,74,-11.0833333333333,16,3,-4.33333333333333,7,5,-9.68115942028986,23,8
"51","129","George Washington",6699.98333333333,745,1842,40.45,196,631,31.06,411,600,68.5,2097,63.55,275,840,1115,33.79,375,412,170,96,526,6,33,803939,849,1925,44.1,275,773,35.58,383,582,65.81,2356,71.39,335,901,1236,37.45,464,387,223,110,566,6,0,0.910194174757282,-2.33333333333333,-14.4285714285714,-8.38095238095238,7,11,2,12,9,23,0.28125,0,355,1742,0,0,79.4,74.7777777777778,-7.98888888888889,14,4,-1.4,9,7,-5.90151515151515,23,11
"52","136","Army West Point",6402.98333333333,837,1956,42.79,272,863,31.52,322,471,68.37,2268,70.88,264,861,1125,35.16,499,376,198,50,544,5,32,768120,843,1853,45.49,266,756,35.19,353,520,67.88,2305,72.03,249,925,1174,36.69,444,436,214,135,503,5,0,1.32712765957447,7.13333333333333,-8.47058823529412,-0.668627450980392,10,5,3,14,13,19,0.40625,444,371,1453,0,81,78.6,74.6666666666667,NA,3,8,30.3947368421053,0,20,NA,3,28
"53","140","Missouri",6450,758,1764,42.97,264,727,36.31,370,526,70.34,2150,67.19,345,785,1130,35.31,354,448,149,53,625,1,32,773880,738,1719,42.93,223,700,31.86,469,654,71.71,2168,67.75,271,737,1008,31.5,370,386,193,117,569,1,0,0.790178571428571,4.41176470588235,-6.07692307692308,-0.832579185520362,11,6,3,10,14,16,0.466666666666667,0,716,1434,0,0,80.8,75.9,-14.2631578947368,19,2,-3.04166666666667,9,4,-11.7361111111111,28,6
"54","141","Kansas",6875,928,2008,46.22,246,702,35.04,461,661,69.74,2563,75.38,353,941,1294,38.06,453,455,233,134,575,2,34,824939,850,2083,40.81,290,863,33.6,393,577,68.11,2383,70.09,372,836,1208,35.53,449,449,220,117,587,2,0,0.995604395604396,11.0434782608696,-6.72727272727273,2.15810276679842,22,1,3,8,25,9,0.735294117647059,121,847,1595,0,84,81,75.7777777777778,NA,8,5,10.2857142857143,4,11,NA,12,16
"55","147","Hawaii",6249.98333333333,788,1746,45.13,266,751,35.42,399,576,69.27,2241,72.29,280,775,1055,34.03,478,368,156,66,557,2,31,750000,774,1727,44.82,203,597,34,380,562,67.62,2131,68.74,256,753,1009,32.55,352,371,177,71,580,2,0,1.29891304347826,5.55,-1.8,1.875,12,8,5,5,17,13,0.566666666666667,153,900,1188,0,84,79.8,73.5714285714286,NA,13,4,-0.653846153846154,5,9,NA,18,13
"56","148","Hampton",6349,860,1983,43.37,263,764,34.42,548,701,78.17,2533,81.71,333,861,1194,38.52,435,334,194,110,587,3,31,762240,822,1913,42.97,254,760,33.42,482,675,71.41,2380,76.77,328,856,1184,38.19,435,396,147,107,597,3,0,1.30239520958084,15.75,-3.11111111111111,6.31944444444444,9,3,5,13,14,16,0.466666666666667,2,429,2100,0,84,79.75,75.2727272727273,-1.47058823529412,8,9,11.5714285714286,2,12,3.02272727272727,10,21
"57","149","Hartford",6722.98333333333,848,1862,45.54,322,846,38.06,459,619,74.15,2477,75.06,281,770,1051,31.85,462,401,228,69,557,8,33,806760,865,1911,45.26,258,763,33.81,419,577,72.62,2407,72.94,344,818,1162,35.21,436,449,195,115,591,8,0,1.15211970074813,7.4375,-2.88235294117647,2.27757352941176,10,6,8,9,18,15,0.545454545454545,0,986,1491,0,0,80,73.875,-9.03571428571429,9,6,1.125,6,10,-4.72463768115942,15,16
"58","153","Holy Cross",6674.98333333333,848,1834,46.24,237,670,35.37,283,424,66.75,2216,67.15,220,696,916,27.76,513,350,241,127,482,4,33,801059,825,1805,45.71,292,783,37.29,354,484,73.14,2296,69.58,342,848,1190,36.06,465,479,188,92,473,4,0,1.46571428571429,1.9375,-6.52941176470588,-2.29595588235294,10,6,6,11,16,17,0.484848484848485,0,1163,1053,0,0,80.1428571428571,74,-11.9615384615385,15,1,NA,9,8,NA,24,9
"59","156","Arkansas",6450,845,1892,44.66,241,704,34.23,484,728,66.48,2415,75.47,328,745,1073,33.53,513,425,265,156,653,0,32,774000,772,1816,42.51,261,766,34.07,518,750,69.07,2323,72.59,404,822,1226,38.31,413,531,195,102,694,0,0,1.20705882352941,7.55555555555556,-2.61538461538462,2.47008547008547,13,5,4,9,17,14,0.548387096774194,0,983,1432,0,0,80.4,75,-3.16666666666667,9,9,5.57692307692308,3,11,0.673913043478261,12,20
"60","157","Arkansas St.",6549.98333333333,796,1904,41.81,237,709,33.43,530,721,73.51,2359,73.72,403,808,1211,37.84,363,450,183,139,685,19,32,785939,823,1862,44.2,240,685,35.04,589,794,74.18,2475,77.34,336,806,1142,35.69,419,400,192,113,632,19,0,0.806666666666667,3.4,-9.82352941176471,-3.21176470588235,10,5,3,14,13,19,0.40625,0,674,1685,0,0,80,74.5714285714286,-11.7058823529412,14,3,-1.26666666666667,7,9,-7.8695652173913,21,12
"61","158","Little Rock",6250,817,1687,48.43,206,582,35.4,461,703,65.58,2301,74.23,247,814,1061,34.23,443,504,169,87,622,6,31,750000,792,1799,44.02,278,788,35.28,491,692,70.95,2353,75.9,307,761,1068,34.45,434,439,175,79,648,6,0,0.878968253968254,5.2,-8.2,-1.5,7,8,3,12,10,20,0.333333333333333,0,875,1426,0,0,80.1666666666667,72.5,-5.71428571428571,6,8,5.21428571428571,4,10,-1.30952380952381,10,18
"62","164","The Citadel",6049.98333333333,899,2011,44.7,370,1076,34.39,385,523,73.61,2553,85.1,322,782,1104,36.8,463,386,201,110,529,4,30,725939,909,1969,46.17,346,933,37.08,420,599,70.12,2584,86.13,353,863,1216,40.53,550,409,203,106,514,4,0,1.19948186528497,13.0769230769231,-10.6666666666667,1.20512820512821,8,5,4,11,12,16,0.428571428571429,0,1201,1352,0,0,78.4285714285714,72.7142857142857,-9.09523809523809,14,7,9.86363636363636,2,10,-4.45138888888889,16,17
"63","165","Penn St.",6474.98333333333,791,1898,41.68,222,693,32.03,425,613,69.33,2229,69.66,384,788,1172,36.62,389,399,245,122,597,12,32,777000,778,1766,44.05,208,588,35.37,432,602,71.76,2196,68.62,281,819,1100,34.38,388,433,216,111,583,12,0,0.974937343358396,7.63636363636364,-3,2.31818181818182,7,4,4,11,11,15,0.423076923076923,210,798,1221,0,81,79.2,75.5,3.3,4,7,NA,3,18,NA,7,25
"64","167","Pacific",6449.98333333333,710,1681,42.24,198,566,34.98,520,698,74.5,2138,66.81,284,756,1040,32.5,325,426,199,46,631,6,32,774000,757,1631,46.41,254,708,35.88,473,674,70.18,2241,70.03,224,768,992,31,370,423,190,123,640,6,0,0.762910798122066,3.46666666666667,-8.0625,-2.29791666666667,9,6,5,11,14,17,0.451612903225806,79,760,1299,0,82,77.6666666666667,74.2222222222222,NA,9,3,NA,5,11,NA,14,14
"65","169","Ga. Southern",6650.43333333333,1012,2028,49.9,204,632,32.28,498,720,69.17,2726,82.61,320,873,1193,36.15,403,452,255,132,590,20,33,797939,899,2033,44.22,256,782,32.74,435,615,70.73,2489,75.42,347,804,1151,34.88,435,520,187,105,650,20,0,0.891592920353982,13.7647058823529,0.1875,6.97610294117647,13,4,8,8,21,12,0.636363636363636,24,1103,1599,0,85,79.2,72.7142857142857,NA,13,5,3.95454545454545,4,8,NA,17,13
"66","172","Georgia St.",6600,885,1908,46.38,324,836,38.76,449,677,66.32,2543,77.06,268,815,1083,32.82,410,384,263,157,573,4,33,792059,839,1987,42.22,296,897,33,433,618,70.06,2407,72.94,419,866,1285,38.94,490,501,166,103,581,4,0,1.06770833333333,11.2222222222222,-5.07142857142857,3.07539682539683,17,1,6,8,23,9,0.71875,0,907,1636,0,0,79.4285714285714,75.6666666666667,-11.7333333333333,9,6,8.8,2,13,-2.75,11,19
"67","173","Georgia Tech",6425,755,1714,44.05,176,573,30.72,405,588,68.88,2091,65.34,262,809,1071,33.47,433,459,221,166,560,25,32,771000,740,1848,40.04,207,697,29.7,443,643,68.9,2130,66.56,378,775,1153,36.03,452,411,225,108,555,25,0,0.943355119825708,2.9,-8.08333333333333,-2.59166666666667,11,9,3,9,14,18,0.4375,326,683,1082,0,80,80,75.1428571428571,-9.25,17,3,-0.153846153846154,7,6,-5.02666666666667,24,9
"68","175","Abilene Christian",6649.98333333333,880,1858,47.36,246,637,38.62,452,632,71.52,2458,74.48,325,768,1093,33.12,515,397,288,90,619,3,33,798000,723,1681,43.01,187,564,33.16,449,624,71.96,2082,63.09,287,750,1037,31.42,346,548,187,91,598,3,0,1.29722921914358,18,2.73333333333333,10.3666666666667,15,2,11,4,26,6,0.8125,360,922,1176,0,82.5,78.75,74.125,-8.71052631578947,13,7,-5.25,8,4,-7.87820512820513,21,11
"69","176","Central Conn. St.",6299.98333333333,754,1821,41.41,201,612,32.84,496,634,78.23,2205,71.13,337,771,1108,35.74,353,427,172,110,597,21,31,755939,800,1817,44.03,295,809,36.46,472,666,70.87,2367,76.35,331,772,1103,35.58,468,408,211,121,591,21,0,0.826697892271663,-1.92307692307692,-7.61111111111111,-4.76709401709402,5,8,6,12,11,20,0.354838709677419,246,1379,580,0,81,78.625,74.6,-6.77777777777778,12,6,NA,2,9,NA,14,15
"70","178","Central Mich.",6923.98333333333,959,2113,45.39,294,793,37.07,598,888,67.34,2810,82.65,416,876,1292,38,448,412,258,105,579,6,34,830699,971,2176,44.62,227,785,28.92,421,615,68.46,2590,76.18,419,881,1300,38.24,404,492,174,161,706,6,0,1.0873786407767,11.5555555555556,0.75,6.15277777777778,14,4,9,7,23,11,0.676470588235294,28,822,1960,0,83,15.8,28.125,3.91666666666667,3,9,18.9722222222222,3,16,14.125,6,25
"71","180","Oakland",6625,863,1858,46.45,314,816,38.48,492,663,74.21,2532,76.73,279,784,1063,32.21,580,427,191,99,534,6,33,795000,927,2009,46.14,258,739,34.91,403,553,72.88,2515,76.21,375,807,1182,35.82,516,400,212,97,631,6,0,1.35831381733021,5.625,-4.29411764705882,0.665441176470588,10,6,6,11,16,17,0.484848484848485,316,677,1539,0,82.5,79.5,74.375,-1.5625,9,7,1.4,8,9,-1.34090909090909,17,16
"72","183","Duquesne",6476,810,1894,42.77,271,841,32.22,460,663,69.38,2351,73.47,379,754,1133,35.41,442,451,250,151,582,6,32,776939,839,1904,44.07,223,659,33.84,413,607,68.04,2314,72.31,408,813,1221,38.16,465,491,219,118,586,6,0,0.980044345898004,3.65,-4.63636363636364,-0.493181818181818,14,6,4,7,18,13,0.580645161290323,324,483,1544,0,80,79.5,73.5,-0.692307692307692,6,7,16.625,1,15,9.59523809523809,7,22
"73","184","East Carolina",6274.98333333333,749,1791,41.82,155,545,28.44,435,638,68.18,2088,67.35,321,740,1061,34.23,382,416,224,110,622,9,31,753000,787,1753,44.89,214,651,32.87,511,732,69.81,2299,74.16,333,819,1152,37.16,427,427,207,121,549,9,0,0.918269230769231,-0.470588235294118,-16.25,-8.36029411764706,9,8,1,11,10,19,0.344827586206897,0,984,1104,0,0,78.8571428571429,74.25,-4.76923076923077,7,6,13.2647058823529,4,14,6.6984126984127,11,20
"74","189","ETSU",6670,971,2001,48.53,261,725,36,410,616,66.56,2613,79.18,431,889,1320,40,513,470,246,131,583,6,33,799972,801,1861,43.04,285,758,37.6,382,557,68.58,2269,68.76,267,708,975,29.55,418,485,222,114,575,6,0,1.09148936170213,17.6470588235294,2.75,10.1985294117647,15,2,9,7,24,9,0.727272727272727,9,737,1730,0,84,80.25,74.2222222222222,-10.0588235294118,15,4,-0.642857142857143,9,5,-6.82575757575758,24,9
"75","191","Cornell",6074.98333333333,719,1646,43.68,233,706,33,389,541,71.9,2060,68.67,199,783,982,32.73,431,393,177,103,475,7,30,729179,790,1803,43.82,193,605,31.9,340,484,70.25,2113,70.43,306,814,1120,37.33,341,378,183,107,522,7,0,1.09669211195929,6.16666666666667,-7.9375,-0.885416666666667,9,3,5,11,14,14,0.5,0,1119,941,0,0,78.2,74.2857142857143,-5,9,7,NA,3,12,NA,12,19
"76","193","Iowa St.",6799.98333333333,951,1994,47.69,288,789,36.5,443,605,73.22,2633,77.44,320,876,1196,35.18,518,378,238,158,502,5,34,815939,854,2039,41.88,271,802,33.79,344,481,71.52,2323,68.32,376,801,1177,34.62,426,440,176,90,560,5,0,1.37037037037037,14.9444444444444,1.8,8.37222222222222,13,5,9,6,22,11,0.666666666666667,0,639,1994,0,0,80.1666666666667,76.1111111111111,-20.5,19,2,-11,10,3,-19.3518518518519,29,5
"77","194","Iona",6400,835,1842,45.33,282,804,35.07,507,684,74.12,2459,76.84,282,819,1101,34.41,421,397,217,89,551,13,32,768000,865,1946,44.45,307,835,36.77,383,561,68.27,2420,75.62,354,814,1168,36.5,483,425,175,118,602,13,0,1.06045340050378,6.84615384615385,-3.23529411764706,1.80542986425339,10,3,6,11,16,14,0.533333333333333,0,660,1799,0,0,80.75,74.8571428571429,-3.97368421052632,14,6,4.63636363636364,4,7,-1.16,18,13
"78","196","Jacksonville",6425,889,1954,45.5,213,645,33.02,394,582,67.7,2385,74.53,333,832,1165,36.41,457,463,213,166,524,20,32,770524,883,1958,45.1,245,681,35.98,391,560,69.82,2402,75.06,316,825,1141,35.66,403,432,230,114,547,20,0,0.987041036717063,5.07692307692308,-4.22222222222222,0.427350427350427,5,8,7,11,12,19,0.387096774193548,234,456,1695,0,81,78.5,74.7272727272727,NA,9,8,NA,1,11,NA,10,19
"79","198","Jackson St.",6422.98333333333,717,1774,40.42,155,554,27.98,385,607,63.43,1974,61.69,335,792,1127,35.22,359,437,209,124,643,5,32,770880,694,1649,42.09,213,607,35.09,506,725,69.79,2107,65.84,284,817,1101,34.41,378,445,239,124,552,5,0,0.821510297482838,2.63636363636364,-9.8421052631579,-3.60287081339713,7,4,4,15,11,19,0.366666666666667,8,569,1391,0,81,78.25,73.6363636363636,-15.2666666666667,15,2,-3.8,9,7,-10.5238095238095,24,9
"80","201","McNeese",6225,760,1676,45.35,168,548,30.66,461,647,71.25,2149,69.32,311,742,1053,33.97,429,450,147,97,470,4,31,747120,839,1839,45.62,264,735,35.92,361,493,73.23,2303,74.29,325,702,1027,33.13,470,379,217,87,574,4,0,0.953333333333333,4.26666666666667,-15.1333333333333,-5.43333333333333,7,8,1,14,8,22,0.266666666666667,0,807,1342,0,0,47.8,43,1.21428571428571,8,7,8.23529411764706,6,11,6.04347826086957,14,18
"81","202","Massachusetts",6450,808,1832,44.1,256,731,35.02,391,574,68.12,2263,70.72,343,776,1119,34.97,469,445,154,93,644,5,32,773939,800,1773,45.12,216,617,35.01,538,734,73.3,2354,73.56,288,747,1035,32.34,479,371,213,114,565,5,0,1.05393258426966,2,-9.07142857142857,-3.53571428571429,10,8,1,13,11,21,0.34375,371,486,1406,0,82,78.2,73.875,-3.53333333333333,10,6,9.5,2,12,1.80434782608696,12,18
"82","204","South Carolina",6424.98333333333,806,1907,42.27,242,662,36.56,473,694,68.16,2327,72.72,383,777,1160,36.25,413,433,202,140,623,2,32,771000,771,1823,42.29,245,720,34.03,529,715,73.99,2316,72.38,352,812,1164,36.38,389,476,216,127,623,2,0,0.953810623556582,5.68421052631579,-7.46153846153846,-0.888663967611336,12,7,4,9,16,16,0.5,0,1280,1045,0,0,79.875,75,-5.1,11,7,8.21428571428571,4,10,2.18181818181818,15,17
"83","207","Alabama St.",6250,712,1764,40.36,216,673,32.1,446,684,65.2,2086,67.29,383,712,1095,35.32,313,451,203,102,565,2,31,749939,788,1732,45.5,217,638,34.01,442,625,70.72,2235,72.1,333,808,1141,36.81,426,470,224,103,622,2,0,0.694013303769401,8.58333333333333,-12.5294117647059,-1.97303921568627,8,4,4,13,12,17,0.413793103448276,133,732,1224,0,80,78.4,74.1428571428571,-5.96428571428571,12,4,9.5,4,14,5.05555555555556,16,18
"84","219","Marquette",6674.98333333333,869,1895,45.86,311,791,39.32,516,680,75.88,2565,77.73,317,939,1256,38.06,450,459,159,141,616,27,33,800922,789,1964,40.17,224,702,31.91,478,701,68.19,2280,69.09,333,773,1106,33.52,395,391,230,97,631,27,0,0.980392156862745,13.0454545454545,-0.181818181818182,6.43181818181818,18,4,6,5,24,9,0.727272727272727,20,840,1705,0,82,79.8333333333333,64.2857142857143,NA,9,5,8.76666666666667,2,14,NA,11,19
"85","220","Marshall",6674.98333333333,925,2096,44.13,332,955,34.76,465,640,72.66,2647,80.21,290,793,1083,32.82,476,414,302,143,610,5,33,801120,963,2063,46.68,261,719,36.3,505,701,72.04,2692,81.58,405,980,1385,41.97,433,542,217,88,568,5,0,1.14975845410628,8.07692307692308,-11.375,-1.64903846153846,10,3,6,10,16,13,0.551724137931034,0,638,2009,0,0,80,74.4285714285714,-2,6,7,NA,3,14,NA,9,21
"86","222","Boston College",6292.18333333333,768,1808,42.48,218,687,31.73,442,633,69.83,2196,70.84,331,808,1139,36.74,382,379,159,103,509,26,31,755939,797,1900,41.95,246,770,31.95,416,559,74.42,2256,72.77,371,827,1198,38.65,432,359,181,96,555,26,0,1.00791556728232,0.714285714285714,-7.5,-3.39285714285714,12,9,2,8,14,17,0.451612903225806,56,736,1404,0,82,80.125,74.1111111111111,-7.96666666666667,13,4,1.5,7,9,-3.21428571428571,20,13
"87","228","Dartmouth",6049.98333333333,791,1749,45.23,264,720,36.67,314,436,72.02,2160,72,255,765,1020,34,426,363,159,100,468,16,30,725939,800,1739,46,194,590,32.88,322,455,70.77,2116,70.53,241,762,1003,33.43,364,341,188,93,456,16,0,1.17355371900826,11.7333333333333,-8.8,1.46666666666667,9,6,2,13,11,19,0.366666666666667,0,905,1255,0,0,79,74.125,-3.81818181818182,6,5,8.6,6,14,4.82692307692308,12,19
"88","229","DePaul",6024.98333333333,827,1772,46.67,203,589,34.47,449,627,71.61,2306,76.87,340,785,1125,37.5,438,415,190,87,536,26,30,723000,784,1754,44.7,275,753,36.52,410,549,74.68,2253,75.1,258,698,956,31.87,415,380,204,97,569,26,0,1.05542168674699,6.77777777777778,-7.36363636363636,-0.292929292929293,12,6,2,9,14,15,0.482758620689655,0,935,1371,0,0,81,75.25,-10.1538461538462,10,5,NA,7,9,NA,17,14
"89","231","Oregon St.",6249.98333333333,800,1728,46.3,203,633,32.07,472,636,74.21,2275,73.39,311,780,1091,35.19,465,387,185,164,536,25,31,749939,762,1764,43.2,246,660,37.27,395,591,66.84,2165,69.84,319,700,1019,32.87,398,371,188,84,601,25,0,1.2015503875969,5.11764705882353,1.64285714285714,3.38025210084034,10,7,8,6,18,13,0.580645161290323,134,1046,1095,0,83.5,81,75.3333333333333,-4.61805555555556,13,5,7.54166666666667,6,8,1.08333333333333,19,13
"90","234","Idaho",6425,778,1764,44.1,251,678,37.02,367,507,72.39,2174,67.94,258,801,1059,33.09,399,433,130,53,583,15,32,770939,875,1940,45.1,280,841,33.29,430,613,70.15,2460,76.88,355,803,1158,36.19,507,304,204,89,522,15,0,0.921478060046189,-2.88235294117647,-15.8,-9.34117647058824,4,13,1,14,5,27,0.15625,89,705,1380,0,81,78.75,75.1428571428571,-10.825,19,2,-3.70833333333333,8,5,-8,27,7
"91","235","Howard",6649,914,2104,43.44,234,643,36.39,550,762,72.18,2612,79.15,397,822,1219,36.94,450,417,193,139,628,2,33,798000,884,2021,43.74,268,777,34.49,544,750,72.53,2580,78.18,401,897,1298,39.33,472,499,188,91,669,2,0,1.07913669064748,6.13333333333333,-3.29411764705882,1.41960784313726,8,7,9,8,17,15,0.53125,197,352,2063,0,81,79.2,75.3333333333333,-7.5,12,8,1.13636363636364,6,7,-5.22222222222222,18,15
"92","236","Oklahoma St.",6424.98333333333,760,1796,42.32,280,753,37.18,378,549,68.85,2178,68.06,295,799,1094,34.19,422,389,183,139,517,16,32,770939,789,1843,42.81,276,780,35.38,434,580,74.83,2288,71.5,332,824,1156,36.12,435,381,188,108,525,16,0,1.08483290488432,-1.5,-5.375,-3.4375,8,8,4,12,12,20,0.375,0,722,1456,0,0,79.7142857142857,75.0909090909091,-1.5,8,10,5.29166666666667,3,10,-0.54,11,20
"93","244","Portland St.",6447.98333333333,856,2017,42.44,238,769,30.95,525,748,70.19,2475,77.34,499,782,1281,40.03,434,449,264,130,683,4,32,774059,819,1769,46.3,221,637,34.69,545,769,70.87,2404,75.12,294,764,1058,33.06,446,478,190,108,641,4,0,0.966592427616927,12.6,-9.57142857142857,1.51428571428571,11,4,2,12,13,16,0.448275862068966,0,1064,1411,0,0,80.1666666666667,73.2857142857143,-18.2,14,2,NA,10,5,NA,24,7
"94","248","Albany (NY)",6500,728,1750,41.6,274,790,34.68,420,564,74.47,2150,67.19,303,779,1082,33.81,402,454,195,78,567,5,32,779939,807,1797,44.91,253,703,35.99,349,533,65.48,2216,69.25,308,784,1092,34.12,461,406,206,118,557,5,0,0.885462555066079,-1.21428571428571,-3.41176470588235,-2.31302521008403,6,8,5,12,11,20,0.354838709677419,0,822,1328,0,0,80.1666666666667,73.1428571428571,-3.55882352941176,12,6,1.71428571428571,6,9,-1.54487179487179,18,15
"95","249","Liberty",6799.98333333333,921,1878,49.04,300,817,36.72,374,485,77.11,2516,74,264,849,1113,32.74,505,373,217,91,513,21,34,816000,741,1785,41.51,216,675,32,368,549,67.03,2066,60.76,286,753,1039,30.56,341,464,180,88,527,21,0,1.35388739946381,19.7222222222222,5.9375,12.8298611111111,17,1,11,5,28,6,0.823529411764706,31,696,1789,0,86,78,73.5714285714286,NA,7,11,15.1153846153846,2,12,NA,9,23
"96","251","Richmond",6599.98333333333,849,1800,47.17,251,723,34.72,365,552,66.12,2314,70.12,201,756,957,29,519,336,249,101,489,21,33,791939,863,1854,46.55,243,706,34.42,364,533,68.29,2333,70.7,322,852,1174,35.58,415,407,184,103,517,21,0,1.54464285714286,3.11111111111111,-5.14285714285714,-1.01587301587302,9,9,4,10,13,19,0.40625,0,793,1095,0,0,79.5,66.125,-5.45,14,6,2.85,5,6,-3.62121212121212,19,12
"97","253","Louisiana",6449.98333333333,901,2026,44.47,283,821,34.47,527,710,74.23,2612,81.62,364,777,1141,35.66,487,422,226,125,613,5,32,773939,903,1951,46.28,256,696,36.78,513,699,73.39,2575,80.47,363,855,1218,38.06,411,486,202,95,627,5,0,1.15402843601896,5.17647058823529,-3.4,0.888235294117647,11,6,8,7,19,13,0.59375,19,1240,1353,0,82,78.5,73.375,-10.9333333333333,13,4,-0.0666666666666667,8,8,-6.15942028985507,21,12
"98","254","UC Irvine",7102,945,2058,45.92,238,660,36.06,423,608,69.57,2551,72.89,412,999,1411,40.31,466,412,199,151,648,19,35,852059,760,2000,38,220,663,33.18,476,675,70.52,2216,63.31,358,797,1155,33,331,399,182,94,594,19,0,1.13106796116505,11.5263157894737,7.46666666666667,9.49649122807018,16,3,13,2,29,5,0.852941176470588,226,1008,1317,0,83.5,79.4,73.5,-12.15625,17,1,5.07142857142857,6,8,-4.08695652173913,23,9
"99","255","Stanford",6225,808,1783,45.32,207,653,31.7,432,643,67.19,2255,72.74,323,825,1148,37.03,392,469,186,147,586,23,31,746939,814,1886,43.16,178,515,34.56,421,620,67.9,2227,71.84,326,755,1081,34.87,333,385,200,99,606,23,0,0.835820895522388,10.8,-8.375,1.2125,11,4,4,12,15,16,0.483870967741935,317,1004,934,0,84,27.1666666666667,21.4285714285714,-3.18421052631579,11,9,8.08333333333333,3,9,-0.37037037037037,14,18
"100","257","Stetson",6224.98333333333,794,1962,40.47,215,684,31.43,348,503,69.18,2151,69.39,361,749,1110,35.81,418,397,210,94,536,8,31,746939,867,1863,46.54,277,761,36.4,418,600,69.67,2429,78.35,339,873,1212,39.1,495,409,201,113,478,8,0,1.05289672544081,-1.26666666666667,-16.9333333333333,-9.1,7,8,0,15,7,23,0.233333333333333,41,770,1340,0,86,80.2,74.8888888888889,-2.94444444444444,8,10,NA,3,10,NA,11,20
"101","260","St. John's (NY)",6676,922,2031,45.4,281,778,36.12,433,597,72.53,2558,77.52,252,822,1074,32.55,463,342,291,110,629,14,33,801120,831,1912,43.46,278,816,34.07,528,746,70.78,2468,74.79,348,928,1276,38.67,450,510,171,80,561,14,0,1.35380116959064,9.05555555555556,-4.86666666666667,2.09444444444444,14,4,7,8,21,12,0.636363636363636,45,409,2104,0,81,79,67.7,-27.625,20,2,-17.0909090909091,10,1,-23.5763888888889,30,3
"102","261","Saint Louis",6999.98333333333,836,2000,41.8,201,652,30.83,474,793,59.77,2347,67.06,483,908,1391,39.74,454,445,248,142,612,25,35,840000,778,1900,40.95,226,719,31.43,449,625,71.84,2231,63.74,308,855,1163,33.23,427,454,207,137,660,25,0,1.02022471910112,8.66666666666667,-3.4375,2.61458333333333,16,2,6,10,22,12,0.647058823529412,0,685,1662,0,0,80,75.5555555555556,NA,10,3,5.79411764705882,6,12,NA,16,15
"103","270","Yale",5875,866,1740,49.77,222,597,37.19,399,542,73.62,2353,81.14,251,869,1120,38.62,495,383,172,126,494,6,29,705000,751,1828,41.08,219,701,31.24,402,549,73.22,2123,73.21,278,705,983,33.9,369,328,203,87,502,6,0,1.29242819843342,12.3846153846154,4.2,8.29230769230769,11,2,10,5,21,7,0.75,0,956,1397,0,0,79.7777777777778,75.3333333333333,NA,9,3,2.94117647058824,5,13,NA,14,16
"104","272","Youngstown St.",6525,879,2057,42.73,303,891,34.01,354,505,70.1,2415,75.47,422,785,1207,37.72,449,423,210,115,656,9,32,783000,880,1898,46.36,250,732,34.15,516,703,73.4,2526,78.94,320,818,1138,35.56,451,390,188,107,502,9,0,1.06146572104019,3.07692307692308,-9,-2.96153846153846,6,7,5,12,11,19,0.366666666666667,28,668,1719,0,83,79.6666666666667,74.7777777777778,-7.76666666666667,10,6,3.1875,8,9,-1.14492753623188,18,15
"105","275","Southeastern La.",6600,765,1735,44.09,235,696,33.76,459,640,71.72,2224,67.39,346,771,1117,33.85,452,536,215,80,603,3,33,792120,768,1737,44.21,201,610,32.95,491,669,73.39,2228,67.52,303,719,1022,30.97,357,483,232,121,637,3,0,0.843283582089552,8.2,-7.82352941176471,0.188235294117647,10,5,6,11,16,16,0.5,0,990,1234,0,0,78.5,74.4444444444444,NA,10,2,1.8125,8,8,NA,18,10
"106","277","South Fla.",6525,761,1774,42.9,221,677,32.64,569,887,64.15,2312,72.25,448,798,1246,38.94,441,513,252,103,677,7,32,782939,714,1682,42.45,206,641,32.14,510,743,68.64,2144,67,286,727,1013,31.66,420,494,223,134,735,7,0,0.859649122807018,8.73684210526316,-0.727272727272727,4.00478468899522,13,6,4,7,17,13,0.566666666666667,9,811,1492,0,86,81.75,75,NA,12,8,1.8,5,5,NA,17,13
"107","283","Gonzaga",6600,1062,1997,53.18,257,704,36.51,551,718,76.74,2932,88.85,315,960,1275,38.64,601,342,249,181,530,5,33,791939,788,2028,38.86,217,702,30.91,354,509,69.55,2147,65.06,357,713,1070,32.42,324,447,170,64,617,5,0,1.75730994152047,27.1363636363636,17.0909090909091,22.1136363636364,20,2,10,1,30,3,0.909090909090909,0,1862,1070,0,0,80.1666666666667,75.875,-15.5625,17,2,NA,9,5,NA,26,7
"108","285","Bryant",5999.98333333333,709,1681,42.18,230,708,32.49,440,618,71.2,2088,69.6,285,684,969,32.3,319,385,158,78,575,24,30,720000,809,1704,47.48,252,650,38.77,444,604,73.51,2314,77.13,296,786,1082,36.07,443,387,176,116,573,24,0,0.828571428571429,-2.28571428571429,-12.125,-7.20535714285714,8,6,2,14,10,20,0.333333333333333,0,780,1308,0,86,79.4,74.1428571428571,-1.56666666666667,10,6,6.6,6,11,1.63492063492063,16,17
"109","287","Buffalo",6824.98333333333,1033,2232,46.28,325,968,33.57,497,719,69.12,2888,84.94,430,966,1396,41.06,573,402,249,138,617,23,34,819120,863,2064,41.81,228,754,30.24,444,642,69.16,2398,70.53,352,909,1261,37.09,349,528,175,105,665,23,0,1.42537313432836,19.5294117647059,7.66666666666667,13.5980392156863,17,0,13,2,30,2,0.9375,21,829,2038,0,82,63.8,74.6666666666667,-9.25,9,4,9.71875,3,14,2.21969696969697,12,18
"110","288","Butler",6449.46666666667,835,1877,44.49,280,799,35.04,348,472,73.73,2298,71.81,282,748,1030,32.19,418,351,188,61,571,24,32,773930,789,1732,45.55,246,687,35.81,433,621,69.73,2257,70.53,281,814,1095,34.22,387,415,169,116,517,24,0,1.19088319088319,7.63157894736842,-8,-0.184210526315789,13,6,3,10,16,16,0.5,419,753,1126,0,82.5,78,73,-15.6904761904762,21,2,-14,10,1,-15.4652777777778,31,3
"111","290","Pepperdine",6850,865,1949,44.38,313,819,38.22,529,696,76.01,2572,75.65,292,793,1085,31.91,479,433,229,95,639,16,34,822000,893,1919,46.53,262,762,34.38,481,685,70.22,2529,74.38,331,874,1205,35.44,495,505,211,109,692,16,0,1.10623556581986,7.46666666666667,-3.63157894736842,1.91754385964912,10,5,6,13,16,18,0.470588235294118,115,888,1569,0,81,78.6666666666667,74.1428571428571,-1.56944444444444,8,7,3.40625,9,8,2.78260869565217,17,15
"112","291","Pittsburgh",6650,769,1841,41.77,225,680,33.09,543,779,69.7,2306,69.88,384,826,1210,36.67,387,448,227,126,613,9,33,798000,779,1905,40.89,260,773,33.64,449,627,71.61,2267,68.7,402,811,1213,36.76,458,485,217,175,658,9,0,0.863839285714286,7.75,-8.92307692307692,-0.586538461538462,13,7,1,12,14,19,0.424242424242424,193,146,1967,0,81.5,79.3333333333333,75.4444444444444,45,0,1,36,0,1,40.5,0,2
"113","294","Wisconsin",6725,854,1885,45.31,235,642,36.6,336,518,64.86,2279,69.06,269,893,1162,35.21,421,315,169,139,497,27,33,806939,746,1899,39.28,208,667,31.18,327,492,66.46,2027,61.42,322,850,1172,35.52,340,375,170,133,577,27,0,1.33650793650794,11,3.6,7.3,14,4,9,6,23,10,0.696969696969697,0,975,1304,0,0,81,74.8888888888889,4.77272727272727,5,7,NA,5,11,NA,10,18
"114","295","Green Bay",6649.98333333333,944,2084,45.3,257,756,33.99,508,722,70.36,2653,80.39,320,876,1196,36.24,488,419,258,131,635,8,33,797690,931,2085,44.65,293,844,34.72,478,670,71.34,2633,79.79,379,939,1318,39.94,463,509,228,91,637,8,0,1.16467780429594,12,-10.1176470588235,0.941176470588236,13,3,4,13,17,16,0.515151515151515,0,736,1917,0,0,78.75,76.625,5.625,4,13,16.2857142857143,1,14,8.89166666666667,5,27
"115","299","UC Riverside",6625.98333333333,792,1787,44.32,279,743,37.55,290,424,68.4,2153,65.24,286,766,1052,31.88,425,424,164,60,562,5,33,795120,821,1758,46.7,229,640,35.78,408,586,69.62,2279,69.06,259,769,1028,31.15,445,351,182,70,473,5,0,1.00235849056604,6.15384615384615,-8.72222222222222,-1.28418803418803,7,6,3,15,10,21,0.32258064516129,510,411,1232,0,84.5,78.25,74.8571428571429,-2.47222222222222,14,5,8.38461538461539,3,11,2.18181818181818,17,16
"116","301","Denver",6023.65,755,1723,43.82,227,622,36.5,349,460,75.87,2086,69.53,275,766,1041,34.7,354,408,142,78,506,15,30,722652,822,1748,47.03,318,760,41.84,357,493,72.41,2319,77.3,230,752,982,32.73,428,332,177,79,487,15,0,0.867647058823529,0.692307692307692,-16.625,-7.96634615384615,6,7,1,15,7,22,0.241379310344828,0,1029,1057,0,0,79.7142857142857,75.2857142857143,-0.7,10,11,7.40909090909091,2,10,1.53472222222222,12,21
"117","302","Delaware",6800,830,1808,45.91,282,746,37.8,410,564,72.7,2352,71.27,256,827,1083,32.82,425,378,149,78,523,21,33,816041,859,1937,44.35,271,735,36.87,391,537,72.81,2380,72.12,327,809,1136,34.42,437,330,178,94,553,21,0,1.12433862433862,1.5625,-3.11764705882353,-0.777573529411765,9,7,8,9,17,16,0.515151515151515,0,902,1450,0,0,80.5,75.4285714285714,-7.625,12,4,NA,4,11,NA,16,15
"118","305","UTEP",5851,639,1592,40.14,199,620,32.1,382,578,66.09,1859,64.1,285,784,1069,36.86,307,467,135,84,551,4,29,702000,709,1686,42.05,218,618,35.28,365,554,65.88,2001,69,295,761,1056,36.41,341,391,197,101,581,4,0,0.657387580299786,2.4375,-14.6666666666667,-6.11458333333333,8,8,0,12,8,20,0.285714285714286,0,747,1112,0,0,79.4,74.2857142857143,-3.10714285714286,9,6,6.4,6,10,0.425,15,16
"119","306","Akron",6626.98333333333,797,1948,40.91,297,929,31.97,380,539,70.5,2271,68.82,313,892,1205,36.52,399,388,185,106,570,8,33,795059,760,1919,39.6,215,734,29.29,372,569,65.38,2107,63.85,372,919,1291,39.12,343,436,187,89,579,8,0,1.02835051546392,13.9444444444444,-5.8,4.07222222222222,15,3,2,13,17,16,0.515151515151515,13,723,1535,0,83,80,73.8888888888889,-10.5555555555556,13,5,NA,4,9,NA,17,14
"120","308","Drake",6700.98333333333,880,1868,47.11,273,750,36.4,457,607,75.29,2490,75.45,271,903,1174,35.58,508,436,174,126,549,6,33,804000,844,1974,42.76,217,713,30.43,402,577,69.67,2307,69.91,313,796,1109,33.61,352,393,239,99,571,6,0,1.1651376146789,9.1578947368421,0.642857142857143,4.90037593984962,15,4,9,5,24,9,0.727272727272727,0,961,1529,0,0,80.25,74,-14.96875,12,5,NA,6,9,NA,18,14
"121","310","UT Arlington",6724.98333333333,781,1908,40.93,234,773,30.27,488,659,74.05,2284,69.21,374,863,1237,37.48,421,467,211,97,631,20,33,806915,798,1888,42.27,216,725,29.79,491,707,69.45,2303,69.79,334,824,1158,35.09,416,428,205,129,609,20,0,0.901498929336188,4.33333333333333,-5.35294117647059,-0.509803921568627,10,5,6,11,16,16,0.5,0,443,1841,0,0,78,73.2,NA,10,3,NA,6,11,NA,16,14
"122","311","Texas",6449.98333333333,801,1848,43.34,272,799,34.04,390,550,70.91,2264,70.75,317,764,1081,33.78,408,351,197,131,540,1,32,774000,767,1787,42.92,237,648,36.57,373,540,69.07,2144,67,329,778,1107,34.59,365,408,169,112,523,1,0,1.16239316239316,6.45,-0.75,2.85,13,7,3,9,16,16,0.5,0,845,1416,0,0,81,75.4285714285714,-14.9444444444444,13,5,NA,9,6,NA,22,11
"123","312","Purdue Fort Wayne",6649.98333333333,991,2059,48.13,360,949,37.93,386,557,69.3,2728,82.67,279,861,1140,34.55,525,395,247,158,495,4,33,798000,951,2093,45.44,300,811,36.99,354,501,70.66,2556,77.45,334,857,1191,36.09,441,439,185,94,507,4,0,1.32911392405063,15.7647058823529,-5.8,4.98235294117647,12,5,6,9,18,14,0.5625,0,693,2035,0,0,79.6,74.3333333333333,-9.60526315789474,16,4,3.92307692307692,6,7,-6.77083333333333,22,11
"124","314","UIC",6475,865,1883,45.94,303,856,35.4,358,525,68.19,2391,74.72,271,835,1106,34.56,478,460,210,124,685,23,32,777000,790,1887,41.87,243,713,34.08,562,781,71.96,2385,74.53,360,821,1181,36.91,427,414,207,94,548,23,0,1.03913043478261,7.625,-7.2,0.2125,12,4,4,11,16,15,0.516129032258065,0,824,1567,0,0,80,75,NA,7,4,9.8421052631579,4,15,NA,11,19
"125","315","Indiana St.",6250,757,1719,44.04,178,491,36.25,454,621,73.11,2146,69.23,255,752,1007,32.48,342,402,207,73,586,17,31,750120,770,1709,45.06,218,640,34.06,460,635,72.44,2218,71.55,275,797,1072,34.58,405,422,182,102,573,17,0,0.850746268656716,2.73333333333333,-7.0625,-2.16458333333333,9,6,6,10,15,16,0.483870967741935,205,268,1671,0,82,80.3333333333333,75.25,-14.5714285714286,14,1,-2.83333333333333,10,8,-7.34090909090909,24,9
"126","316","Indiana",6500,838,1825,45.92,193,615,31.38,420,635,66.14,2289,71.53,309,845,1154,36.06,426,404,209,142,548,30,32,780000,797,1882,42.35,232,706,32.86,343,538,63.75,2169,67.78,334,785,1119,34.97,435,404,189,118,593,30,0,1.05445544554455,10.5555555555556,-4.76923076923077,2.89316239316239,13,5,4,9,17,14,0.548387096774194,0,1077,1212,0,0,80.375,75,-1.79166666666667,5,8,3.58823529411765,7,11,1.70634920634921,12,19
"127","317","Miami (OH)",6422,777,1847,42.07,269,833,32.29,444,626,70.93,2267,70.84,355,835,1190,37.19,349,413,193,87,581,23,32,770819,784,1813,43.24,248,745,33.29,417,603,69.15,2233,69.78,279,821,1100,34.38,386,385,196,103,568,23,0,0.845036319612591,8.94117647058824,-7.86666666666667,0.537254901960785,11,6,4,11,15,17,0.46875,301,518,1448,0,80,79,74,-2.6,10,6,8.0625,4,13,2.13636363636364,14,19
"128","327","Fresno St.",6423,847,1866,45.39,342,897,38.13,412,572,72.03,2448,76.5,300,842,1142,35.69,457,400,228,111,594,4,32,770699,750,1788,41.95,225,735,30.61,437,617,70.83,2162,67.56,292,802,1094,34.19,389,438,181,103,576,4,0,1.1425,12.35,5.81818181818182,9.08409090909091,15,5,8,3,23,8,0.741935483870968,90,625,1733,0,65.5,78.6666666666667,75.8333333333333,NA,18,2,-2.16666666666667,7,5,NA,25,7
"129","328","CSU Bakersfield",6273.98333333333,811,1896,42.77,212,638,33.23,377,565,66.73,2211,71.32,450,705,1155,37.26,359,410,205,98,684,21,31,752689,689,1568,43.94,241,650,37.08,588,805,73.04,2207,71.19,282,711,993,32.03,389,435,163,82,565,21,0,0.875609756097561,7.64285714285714,-6.05882352941176,0.792016806722689,10,4,6,11,16,15,0.516129032258065,0,571,1640,0,0,77.8333333333333,74.875,-11.675,22,1,6.72727272727273,3,8,-7.03787878787879,25,9
"130","331","Alabama",6600,827,1876,44.08,233,688,33.87,482,722,66.76,2369,71.79,368,872,1240,37.58,401,449,152,154,560,2,33,792000,860,1967,43.72,212,641,33.07,421,594,70.88,2353,71.3,329,807,1136,34.42,374,392,209,142,628,2,0,0.893095768374165,6.6875,-4.5625,1.0625,12,4,6,10,18,14,0.5625,0,810,1559,0,0,67.5,75.5,-6.66666666666667,14,4,3.28571428571429,8,6,-4.10416666666667,22,10
"131","334","Creighton",6499.98333333333,901,1870,48.18,348,883,39.41,370,540,68.52,2520,78.75,266,823,1089,34.03,512,420,216,79,536,7,32,780000,864,1891,45.69,275,771,35.67,359,529,67.86,2362,73.81,301,794,1095,34.22,441,436,200,105,565,7,0,1.21904761904762,10.9444444444444,-3.83333333333333,3.55555555555556,13,5,4,8,17,13,0.566666666666667,150,525,1845,0,83.5,80,75.625,-13.452380952381,18,4,-7.63636363636364,9,2,-11.9230769230769,27,6
"132","340","Oral Roberts",6426,854,1874,45.57,266,734,36.24,340,492,69.11,2314,72.31,338,808,1146,35.81,434,446,152,106,575,5,32,770939,868,1886,46.02,285,749,38.05,462,617,74.88,2483,77.59,290,764,1054,32.94,491,328,218,90,476,5,0,0.973094170403587,4.64285714285714,-13,-4.17857142857143,8,6,3,15,11,21,0.34375,0,1497,810,0,0,80,74.25,-0.25,7,9,10.4,3,12,5.84,10,21
"133","342","Washington",6825,835,1845,45.26,254,734,34.6,450,648,69.44,2374,69.82,322,752,1074,31.59,397,454,306,195,626,24,34,818939,763,1841,41.44,215,650,33.08,448,635,70.55,2189,64.38,396,766,1162,34.18,446,552,209,84,626,24,0,0.874449339207048,8.09090909090909,1.72727272727273,4.90909090909091,19,3,7,4,26,7,0.787878787878788,1,1365,1008,0,84,79,74,1.53571428571429,4,11,NA,5,9,NA,9,20
"134","346","Morgan St.",6048,757,1919,39.45,168,521,32.25,477,669,71.3,2159,71.97,398,683,1081,36.03,358,401,230,48,614,4,30,725939,804,1726,46.58,233,642,36.29,463,685,67.59,2304,76.8,358,849,1207,40.23,429,530,172,161,574,4,0,0.892768079800499,2.46153846153846,-10.4117647058824,-3.97511312217195,6,7,3,14,9,21,0.3,0,521,1638,0,0,79.2,73.8888888888889,-16.5972222222222,13,2,2.58823529411765,6,11,-5.54347826086957,19,13
